id,game_pk,game_date,away_team,home_team,away_pitcher,home_pitcher,away_bullpen_era,home_bullpen_era,away_k_pct,home_k_pct,away_days_rest,home_days_rest,park_factor,park_name,temp_f,away_model_prob,home_model_prob,away_proj_runs,home_proj_runs,away_skellam_prob,home_skellam_prob,away_negbin_prob,home_negbin_prob,home_covers_rl_prob,away_covers_rl_prob,fair_total_runs,away_market_prob,home_market_prob,away_market_no_vig_prob,home_market_no_vig_prob,away_odds,home_odds,market_price_source,market_captured_at,market_favorite_team,market_favorite_side,market_favorite_prob,model_edge_vs_market_favorite,away_edge,home_edge,away_ev,home_ev,flag_review,high_confidence,decision,model_version,git_commit,created_at
1,824902,2026-07-05,New York Mets,Atlanta Braves,Nolan McLean,Martín Pérez,3.5,2.62,0.28463476070528965,0.19488817891373802,5,5,1.01,Truist Park,87.3,0.483546829343031,0.5164531706569689,2.97,3.4,0.42083670442608834,0.5791632955739117,,,0.33049277051881276,0.6695072294811872,6.38,,,,,,,,,,,,,,,,,False,,,0.5.0-reconectado,60cce8e,2026-07-05T16:57:05.159355
2,823525,2026-07-05,Minnesota Twins,New York Yankees,Joe Ryan,Ryan Weathers,4.76,3.22,0.2825,0.2670299727520436,5,6,1.05,Yankee Stadium,82.9,0.4870486342285488,0.5129513657714512,4.38,3.83,0.5876736620585656,0.41232633794143436,,,0.23316398885856393,0.7668360111414361,8.2,,,,,,,,,,,,,,,,,False,,,0.5.0-reconectado,60cce8e,2026-07-05T16:57:05.164789
3,824413,2026-07-05,Chicago White Sox,Cleveland Guardians,Chris Murphy,Tanner Bibee,3.49,3.17,0.21951219512195122,0.20194647201946472,2,5,0.97,Progressive Field,73.7,0.491444131084275,0.508555868915725,3.46,3.18,0.5516511060499916,0.4483488939500084,,,0.2393122484350132,0.7606877515649868,6.64,,,,,,,,,,,,,,,,,False,,,0.5.0-reconectado,60cce8e,2026-07-05T16:57:05.167355
4,824656,2026-07-05,St. Louis Cardinals,Chicago Cubs,Matthew Liberatore,Javier Assad,4.2,4.04,0.21525885558583105,0.1497584541062802,5,5,1.02,Wrigley Field,68.0,0.4793751404301512,0.5206248595698488,4.05,4.74,0.3952077863622332,0.6047922136377668,,,0.3887186962811242,0.6112813037188758,8.79,,,,,,,,,,,,,,,,,False,,,0.5.0-reconectado,60cce8e,2026-07-05T16:57:05.169892
5,824091,2026-07-05,Philadelphia Phillies,Kansas City Royals,Aaron Nola,Luinder Avila,4.12,4.54,0.23076923076923078,0.2087378640776699,6,7,0.98,Kauffman Stadium,89.2,0.5069248643856001,0.49307513561439986,3.97,4.43,0.42772703228501696,0.572272967714983,,,0.3560756925701236,0.6439243074298764,8.39,,,,,,,,,,,,,,,,,False,,,0.5.0-reconectado,60cce8e,2026-07-05T16:57:05.172609
6,822879,2026-07-05,Detroit Tigers,Texas Rangers,Casey Mize,Kumar Rocker,3.89,3.51,0.26877470355731226,0.20348837209302326,6,7,1.01,Globe Life Field,98.2,0.5178699327118651,0.48213006728813484,3.58,3.28,0.5525831299103448,0.4474168700896553,,,0.24166829372090215,0.7583317062790979,6.86,,,,,,,,,,,,,,,,,False,,,0.5.0-reconectado,60cce8e,2026-07-05T16:57:05.175093
7,824333,2026-07-05,San Francisco Giants,Colorado Rockies,Tyler Mahle,Tanner Gordon,3.8,5.39,0.2229965156794425,0.21428571428571427,6,5,1.18,Coors Field,95.3,0.4992131371078387,0.5007868628921612,5.2,6.16,0.37517475981481385,0.6248252401851861,,,0.43312147198354256,0.5668785280164574,11.36,,,,,,,,,,,,,,,,,False,,,0.5.0-reconectado,60cce8e,2026-07-05T16:57:05.178189
8,825061,2026-07-05,Milwaukee Brewers,Arizona Diamondbacks,Brandon Sproat,Eduardo Rodriguez,3.21,3.33,0.25316455696202533,0.17149758454106281,5,6,1.02,Chase Field,108.5,0.4797626828113809,0.5202373171886191,2.96,3.87,0.3443495583799405,0.6556504416200595,,,0.4037270972214718,0.5962729027785282,6.83,,,,,,,,,,,,,,,,,False,,,0.5.0-reconectado,60cce8e,2026-07-05T16:57:05.180847
9,824980,2026-07-05,Miami Marlins,Athletics,Eury Pérez,Gage Jump,3.74,4.94,0.2682119205298013,0.25,5,6,1.0,Sutter Health Park,83.1,0.48956660915532535,0.5104333908446747,3.52,4.42,0.356751388750549,0.643248611249451,,,0.4113083357477113,0.5886916642522887,7.94,,,,,,,,,,,,,,,,,False,,,0.5.0-reconectado,60cce8e,2026-07-05T16:57:05.183406
10,823117,2026-07-05,Toronto Blue Jays,Seattle Mariners,Trey Yesavage,Emerson Hancock,2.97,3.1,0.22262773722627738,0.24166666666666667,6,7,0.93,T-Mobile Park,70.3,0.4809506448553845,0.5190493551446155,2.77,2.97,0.4616727385758035,0.5383272614241965,,,0.28692435750194833,0.7130756424980517,5.74,,,,,,,,,,,,,,,,,False,,,0.5.0-reconectado,60cce8e,2026-07-05T16:57:05.186030
11,823931,2026-07-05,San Diego Padres,Los Angeles Dodgers,JP Sears,Emmet Sheehan,3.06,2.66,0.18,0.26129032258064516,5,7,0.95,Dodger Stadium,79.5,0.43751622940408935,0.5624837705959106,3.18,4.23,0.32749866646808456,0.6725013335319154,,,0.42978871483439185,0.5702112851656082,7.41,,,,,,,,,,,,,,,,,False,,,0.5.0-reconectado,60cce8e,2026-07-05T16:57:05.188650
12,824010,2026-07-05,Boston Red Sox,Los Angeles Angels,Ranger Suarez,Ryan Johnson,3.78,3.66,0.2548476454293629,0.16216216216216217,6,6,0.98,Angel Stadium,77.3,0.5461418812148698,0.4538581187851302,3.96,3.2,0.6281537706009139,0.37184622939908607,,,0.19541253623089694,0.8045874637691031,7.17,,,,,,,,,,,,,,,,,False,,,0.5.0-reconectado,60cce8e,2026-07-05T16:57:05.191130
13,824172,2026-07-05,Tampa Bay Rays,Houston Astros,Mason Englert,Peter Lambert,3.68,3.46,0.17272727272727273,0.21935483870967742,23,6,0.97,Daikin Park,95.4,0.4858929394926166,0.5141070605073835,3.51,3.69,0.46996819749118246,0.5300318025088175,,,0.3061763196593187,0.6938236803406813,7.2,,,,,,,,,,,,,,,,,False,,,0.5.0-reconectado,60cce8e,2026-07-05T17:39:09.517688
14,824089,2026-07-06,Philadelphia Phillies,Kansas City Royals,Cristopher Sánchez,Noah Cameron,4.18,4.42,0.2863157894736842,0.20270270270270271,6,6,0.98,Kauffman Stadium,89.1,0.5547596086084858,0.4452403913915141,3.89,2.98,0.6564662444030327,0.34353375559696736,0.6249301475038945,0.37506985249610547,0.17448123808595206,0.8255187619140479,6.87,0.6527777777777778,0.35714285714285715,0.6417068972408446,0.3582931027591554,,,,,Philadelphia Phillies,away,0.6417068972408446,-0.09801816916929196,-0.09801816916929196,0.08809753424865696,-0.15015549319551108,0.24667309589623954,True,,,0.5.0-reconectado,e8a0caf,2026-07-06T00:29:25.800235
15,822958,2026-07-06,New York Yankees,Tampa Bay Rays,Cam Schlittler,Griffin Jax,3.17,3.85,0.2971014492753623,0.23387096774193547,6,6,1.0,George M. Steinbrenner Field,90.2,0.5341703625670126,0.46582963743298744,3.44,3.19,0.5455975726860449,0.454402427313955,0.53623813066195,0.46376186933804997,0.24333220354850882,0.7566677964514912,6.63,0.5412844036697247,0.4784688995215311,0.5300253151381681,0.4699746848618319,,,,,New York Yankees,away,0.5300253151381681,-0.0071140411027121875,-0.0071140411027121875,-0.012639262088543657,-0.013142889494841214,-0.026416057765056178,False,,,0.5.0-reconectado,7ae55cd,2026-07-06T00:29:25.806395
16,822712,2026-07-06,Houston Astros,Washington Nationals,Mike Burrows,Miles Mikolas,3.41,4.57,0.18090452261306533,0.13165266106442577,6,7,1.0,Nationals Park,86.9,0.49868327432959336,0.5013167256704066,4.08,4.98,0.36625436692596447,0.6337456330740355,0.3988955725934149,0.6011044274065851,0.4176803153671508,0.5823196846328492,9.05,0.4854368932038835,0.5327102803738317,0.48231343178825803,0.517686568211742,,,,,Washington Nationals,home,0.517686568211742,-0.031393554703425086,0.01324638112570986,-0.031393554703425086,0.027287545118962364,-0.05893176058362265,True,,,0.5.0-reconectado,7ae55cd,2026-07-06T00:29:25.808957
17,824900,2026-07-06,New York Mets,Atlanta Braves,Freddy Peralta,Reynaldo López,3.65,2.52,0.21800947867298578,0.2100456621004566,5,5,1.01,Truist Park,81.8,0.4545671612975073,0.5454328387024928,3.11,3.76,0.3858064143687786,0.6141935856312214,0.4093172211278835,0.5906827788721165,0.36822273999502997,0.63177726000497,6.87,0.46511627906976744,0.5575221238938053,0.45723205358910757,0.5427679464108924,,,,,Atlanta Braves,home,0.5427679464108924,-0.012089285191312471,-0.010549117772260141,-0.012089285191312471,-0.022680603210359362,-0.021683955978068437,False,,,0.5.0-reconectado,7ae55cd,2026-07-06T00:29:25.811559
18,823036,2026-07-06,Milwaukee Brewers,St. Louis Cardinals,Shane Drohan,Dustin May,3.19,4.01,0.24481327800829875,0.2222222222222222,5,4,0.97,Busch Stadium,85.9,0.525170260835294,0.47482973916470594,3.76,3.54,0.5369759751906549,0.4630240248093452,0.5288828502843317,0.4711171497156683,0.2583794909966094,0.7416205090033906,7.3,0.5098039215686274,0.5121951219512195,0.5011658469577602,0.49883415304223977,,,,,,,0.5011658469577602,,0.015366339266666529,-0.03736538278651358,0.030141665484615054,-0.07295146163081223,True,,,0.5.0-reconectado,7ae55cd,2026-07-06T00:29:25.814539
19,823282,2026-07-06,Arizona Diamondbacks,San Diego Padres,Brandon Pfaadt,Walker Buehler,3.32,3.08,0.1736842105263158,0.21652421652421652,6,5,0.92,Petco Park,73.6,0.475188136397611,0.524811863602389,3.15,3.25,0.48129637913996715,0.5187036208600329,0.48505819411917805,0.514941805880822,0.2851418425580743,0.7148581574419257,6.41,0.4694835680751174,0.5495495495495496,0.4632932915556069,0.536706708444393,,,,,San Diego Padres,home,0.536706708444393,-0.024737685947160637,0.005704568322493608,-0.024737685947160637,0.01215073052691129,-0.0450144777071283,False,,,0.5.0-reconectado,7ae55cd,2026-07-06T00:29:25.817129
20,823205,2026-07-06,Toronto Blue Jays,San Francisco Giants,Kevin Gausman,Landen Roupp,2.98,3.9,0.2386634844868735,0.25984251968503935,6,6,0.9,Oracle Park,59.6,0.5018317074860162,0.4981682925139838,2.97,3.61,0.38619846633112886,0.6138015336688711,0.408959971117309,0.591040028882691,0.3625217865680702,0.6374782134319298,6.58,0.5145631067961165,0.5024875621890548,0.502299657337637,0.497700342662363,,,,,,,0.502299657337637,,-0.012731399310100255,-0.004319269675070958,-0.02474215337623259,-0.008595774303853942,False,,,0.5.0-reconectado,7ae55cd,2026-07-06T00:29:25.819720
21,823930,2026-07-06,Colorado Rockies,Los Angeles Dodgers,Kyle Freeland,Eric Lauer,5.37,2.77,0.19154929577464788,0.14715719063545152,5,7,0.95,Dodger Stadium,74.0,0.43533121843245914,0.5646687815675409,4.58,5.06,0.43013469636542245,0.5698653036345775,0.44825255450764223,0.5517474454923578,0.36837976358656677,0.6316202364134332,9.65,0.31746031746031744,0.6923076923076923,0.32213284774990986,0.6778671522500902,,,,,Los Angeles Dodgers,home,0.6778671522500902,-0.12763891074015143,0.1178709009721417,-0.12763891074015143,0.3712933380622463,-0.18436731551355212,True,,,0.5.0-reconectado,7ae55cd,2026-07-06T00:29:25.822336
22,823062,2026-07-07,Milwaukee Brewers,St. Louis Cardinals,Jacob Misiorowski,Matt Svanson,3.13,4.11,0.3929471032745592,0.21468926553672316,5,2,0.97,Busch Stadium,86.1,0.5953071461710183,0.4046928538289817,4.26,2.97,0.7117104259287599,0.2882895740712402,0.6693721444954437,0.33062785550455626,0.14443917731195788,0.8555608226880421,7.23,,,,,,,,,,,,,,,,,False,,,0.5.0-reconectado,e2c0330,2026-07-07T17:16:20.310715
23,823035,2026-07-07,Milwaukee Brewers,St. Louis Cardinals,Robert Gasser,Hunter Dobbins,3.11,4.1,0.23376623376623376,0.2602739726027397,8,26,0.97,Busch Stadium,83.4,0.49934136849902394,0.5006586315009761,3.59,4.07,0.4202197006858154,0.5797802993141846,0.43808719439865607,0.5619128056013439,0.3523817518126745,0.6476182481873255,7.66,0.5348837209302325,0.4878048780487805,0.5207758984849367,0.4792241015150632,-115.0,105.0,api_live,2026-07-07T21:40:58.787305,Milwaukee Brewers,away,0.5207758984849367,-0.03554235243120857,-0.03554235243120857,0.012853753452195638,-0.06644874584965083,0.02635019457700105,True,,,0.5.0-reconectado,fabb203,2026-07-07T17:16:20.314917
24,824820,2026-07-07,Chicago Cubs,Baltimore Orioles,Matthew Boyd,Shane Baz,4.01,3.62,0.25517241379310346,0.20046082949308755,7,8,1.0,Oriole Park at Camden Yards,80.7,0.5040424013386934,0.49595759866130673,4.22,4.11,0.5168798297794015,0.48312017022059844,0.5128509793100791,0.487149020689921,0.2853546809531904,0.7146453190468096,8.33,0.5192307692307693,0.504950495049505,0.5086110912182664,0.49138890878173375,-108.0,-102.0,api_live,2026-07-07T21:40:58.787305,,,0.5086110912182664,,-0.015188367892075894,-0.008992896388198224,-0.029251671495849785,-0.01780946147466711,False,,,0.5.0-reconectado,fabb203,2026-07-07T17:16:20.316718
25,824254,2026-07-07,Athletics,Detroit Tigers,J.T. Ginn,Tarik Skubal,4.7,3.89,0.20865139949109415,0.2952755905511811,6,7,0.96,Comerica Park,83.8,0.4640814223188954,0.5359185776811046,3.84,3.42,0.5719953073523419,0.42800469264765806,0.5563979713993286,0.4436020286006714,0.23358037590676461,0.7664196240932354,7.26,0.3412969283276451,0.6825396825396826,0.33810838062576704,0.661891619374233,193.0,-215.0,api_live,2026-07-07T21:40:58.787305,Detroit Tigers,home,0.661891619374233,-0.14662110485857793,0.1227844939912503,-0.14662110485857793,0.3597585673943634,-0.2148169675834979,False,,,0.5.0-reconectado,fabb203,2026-07-07T17:16:20.318439
26,823361,2026-07-07,Atlanta Braves,Pittsburgh Pirates,Hurston Waldrep,Paul Skenes,2.43,4.3,0.20588235294117646,0.3012658227848101,5,6,0.97,PNC Park,84.3,0.46446330902826505,0.5355366909717348,3.16,4.47,0.2930112659560852,0.7069887340439148,0.3361151807367774,0.6638848192632226,0.46692369812338574,0.5330763018766143,7.63,0.43859649122807015,0.5815899581589958,0.427989281303846,0.5720107186961539,128.0,-139.0,api_live,2026-07-07T21:40:58.787305,Pittsburgh Pirates,home,0.5720107186961539,-0.04605326718726099,0.025866817800194897,-0.04605326718726099,0.05897634458444434,-0.07918511408457107,True,,,0.5.0-reconectado,fabb203,2026-07-07T17:16:20.320099
27,822956,2026-07-07,New York Yankees,Tampa Bay Rays,Will Warren,Ian Seymour,3.16,3.86,0.23393316195372751,0.2608695652173913,6,5,1.0,George M. Steinbrenner Field,90.4,0.5035454473217257,0.4964545526782743,3.75,3.96,0.46536000802086064,0.5346399919791394,0.4732204109389452,0.5267795890610548,0.3169918538686215,0.6830081461313785,7.71,0.45871559633027525,0.5633187772925764,0.45063771233714245,0.5493622876628576,118.0,-129.0,api_live,2026-07-07T21:40:58.787305,Tampa Bay Rays,home,0.5493622876628576,-0.06686422461430208,0.044829850991450426,-0.06686422461430208,0.09772907516136198,-0.118696956873451,False,,,0.5.0-reconectado,fabb203,2026-07-07T17:16:20.321662
28,822713,2026-07-07,Houston Astros,Washington Nationals,Tatsuya Imai,Andrew Alvarez,3.3,4.75,0.27906976744186046,0.27586206896551724,6,6,1.0,Nationals Park,83.0,0.46495680701781134,0.5350431929821887,3.49,5.34,0.23885849752024346,0.7611415024797565,0.29551715669710765,0.7044828433028923,0.543004136859488,0.456995863140512,8.82,0.4854368932038835,0.5348837209302325,0.4791755778273665,0.5208244221726335,106.0,-115.0,api_live,2026-07-07T21:40:58.787305,Washington Nationals,home,0.5208244221726335,0.00015947205195621095,-0.020480086186072166,0.00015947205195621095,-0.04218897754330858,0.000298143401483264,False,,,0.5.0-reconectado,fabb203,2026-07-07T17:16:20.323227
29,824495,2026-07-07,Philadelphia Phillies,Cincinnati Reds,Zack Wheeler,Andrew Abbott,4.17,3.43,0.2727272727272727,0.17590361445783131,6,6,1.08,Great American Ball Park,83.8,0.5305551380412546,0.4694448619587453,4.07,3.31,0.6259037857853248,0.3740962142146752,0.5988445203674913,0.4011554796325088,0.19919444886527693,0.8008055511347231,7.38,0.6168582375478927,0.4065040650406504,0.6021591675106885,0.3978408324893115,-161.0,146.0,api_live,2026-07-07T21:40:58.787305,Philadelphia Phillies,away,0.6021591675106885,-0.08630309950663806,-0.08630309950663806,0.0629407969180949,-0.1399075091380903,0.1548343604185134,True,,,0.5.0-reconectado,fabb203,2026-07-07T17:16:20.324754
30,823687,2026-07-07,Cleveland Guardians,Minnesota Twins,Joey Cantillo,Taj Bradley,3.14,4.75,0.23237597911227154,0.2691292875989446,6,6,0.98,Target Field,83.6,0.4856945412903256,0.5143054587096744,3.13,4.33,0.30516233427605843,0.6948376657239416,0.34554172679827977,0.6544582732017202,0.45199915363845267,0.5480008463615473,7.46,0.5121951219512195,0.5121951219512195,0.4977097493810547,0.5022902506189452,-105.0,-105.0,api_live,2026-07-07T21:40:58.787305,,,0.5022902506189452,,-0.026500580660893946,0.002110336758454845,-0.05173922890936444,0.004120181290316605,False,,,0.5.0-reconectado,fabb203,2026-07-07T17:16:20.326268
31,824579,2026-07-07,Boston Red Sox,Chicago White Sox,Payton Tolle,Noah Schultz,3.76,3.54,0.24262295081967214,0.21505376344086022,6,6,1.0,Rate Field,75.6,0.5220592607098878,0.47794073929011205,4.07,3.83,0.538878276489857,0.46112172351014297,0.5299285260747822,0.47007147392521775,0.26428716939780716,0.7357128306021928,7.9,0.54337899543379,0.4784688995215311,0.5317831043902931,0.468216895609707,-119.0,109.0,api_live,2026-07-07T21:40:58.787305,Boston Red Sox,away,0.5317831043902931,-0.02131973472390214,-0.02131973472390214,-0.0005281602314190503,-0.03923547818936607,-0.0011038548836658224,False,,,0.5.0-reconectado,fabb203,2026-07-07T17:16:20.327768
32,822881,2026-07-07,Los Angeles Angels,Texas Rangers,José Soriano,Jacob deGrom,3.67,3.51,0.2624113475177305,0.3026315789473684,7,7,1.01,Globe Life Field,93.7,0.4717188064993403,0.5282811935006597,3.45,3.6,0.47384011481564337,0.5261598851843566,0.47944332509359955,0.5205566749064005,0.3009860570376002,0.6990139429623998,7.05,0.4132231404958678,0.609375,0.4047828889396913,0.5952171110603087,142.0,-156.0,api_live,2026-07-07T21:40:58.787305,Texas Rangers,home,0.5952171110603087,-0.08109380649934028,0.0584956660034725,-0.08109380649934028,0.14155951172840342,-0.13307701579378917,True,,,0.5.0-reconectado,fabb203,2026-07-07T17:16:20.329340
33,823280,2026-07-07,Arizona Diamondbacks,San Diego Padres,Zac Gallen,Germán Márquez,3.22,3.07,0.13526570048309178,0.14184397163120568,6,5,0.92,Petco Park,71.6,0.483705524215056,0.516294475784944,3.46,3.76,0.4490344387916144,0.5509655612083856,0.46008522715604017,0.5399147728439598,0.32262247934067967,0.6773775206593203,7.22,0.4878048780487805,0.5348837209302325,0.4774773587423973,0.5225226412576026,105.0,-115.0,api_live,2026-07-07T21:40:58.787305,San Diego Padres,home,0.5225226412576026,-0.01858924514528848,-0.004099353833724451,-0.01858924514528848,-0.00840367535913511,-0.03475380614119161,False,,,0.5.0-reconectado,fabb203,2026-07-07T17:16:20.330871
34,823203,2026-07-07,Toronto Blue Jays,San Francisco Giants,Spencer Miles,Trevor McDonald,2.99,3.88,0.2534562211981567,0.20161290322580644,6,6,0.9,Oracle Park,58.6,0.5158454920068187,0.48415450799318127,3.03,3.4,0.4316341886028513,0.5683658113971487,0.445308464464478,0.554691535535522,0.3230138495027045,0.6769861504972955,6.43,0.5305164319248826,0.49261083743842365,0.5166837540009639,0.48331624599903594,-113.0,103.0,api_live,2026-07-07T21:40:58.787305,Toronto Blue Jays,away,0.5166837540009639,-0.014670939918063897,-0.014670939918063897,-0.008456329445242383,-0.02765407258891689,-0.01716634877384199,False,,,0.5.0-reconectado,fabb203,2026-07-07T17:16:20.332427
35,823929,2026-07-07,Colorado Rockies,Los Angeles Dodgers,Michael Lorenzen,Justin Wrobleski,5.27,2.84,0.16183574879227053,0.1725067385444744,5,7,0.95,Dodger Stadium,74.5,0.3947879317256758,0.6052120682743242,3.98,5.23,0.31983064836390473,0.6801693516360953,0.3631250224189657,0.6368749775810343,0.463360119123181,0.536639880876819,9.21,0.29069767441860467,0.7333333333333333,0.2844876259862807,0.7155123740137194,244.0,-275.0,api_live,2026-07-07T21:40:58.787305,Los Angeles Dodgers,home,0.7155123740137194,-0.12812126505900912,0.10409025730707111,-0.12812126505900912,0.35807048513632456,-0.17471081598955795,True,,,0.5.0-reconectado,fabb203,2026-07-07T17:16:20.333964
36,823847,2026-07-07,Seattle Mariners,Miami Marlins,Bryan Woo,Max Meyer,3.06,3.93,0.24310776942355888,0.26291079812206575,7,6,0.93,loanDepot park,85.1,0.47417173453132644,0.5258282654686736,2.59,3.99,0.2636503966705198,0.7363496033294802,0.30682582075472575,0.6931741792452742,0.4766968207140698,0.5233031792859302,6.58,0.4694835680751174,0.5475113122171946,0.46565656042015324,0.5343434395798468,113.0,-121.0,api_live,2026-07-07T21:40:58.787305,Miami Marlins,home,0.5343434395798468,-0.021683046748521062,0.004688166456209064,-0.021683046748521062,0.009985794551725213,-0.039602920094406135,False,,,0.5.0-reconectado,fabb203,2026-07-07T21:04:44.772561
37,823607,2026-07-07,Kansas City Royals,New York Mets,Seth Lugo,Cionel Pérez,4.36,3.65,0.18673218673218672,0.20408163265306123,6,1,0.96,Citi Field,67.6,0.5009007235575971,0.4990992764424029,4.07,3.47,0.5987379476464709,0.40126205235352913,0.5769890574421598,0.4230109425578402,0.21873463219630151,0.7812653678036985,7.54,0.4424778761061947,0.5780590717299579,0.4343477104351712,0.5656522895648288,126.0,-137.0,api_live,2026-07-07T21:40:58.787305,New York Mets,home,0.5656522895648288,-0.07895979528755498,0.05842284745140236,-0.07895979528755498,0.13203563524016937,-0.13659468235876288,True,,,0.5.0-reconectado,fabb203,2026-07-07T21:04:44.778758
38,823202,2026-07-08,Toronto Blue Jays,San Francisco Giants,Dylan Cease,Logan Webb,2.97,3.91,0.3672922252010724,0.20418848167539266,5,5,0.9,Oracle Park,61.3,0.5232453071080608,0.4767546928919391,2.82,3.29,0.4110055567637583,0.5889944432362417,0.4280889567140309,0.5719110432859691,0.33299250359954335,0.6670074964004566,6.11,0.5348837209302325,0.4878048780487805,0.5223514704085683,0.47764852959143167,-115.0,105.0,api_live,2026-07-08T15:40:52.940604,Toronto Blue Jays,away,0.5223514704085683,-0.011638413822171678,-0.011638413822171678,-0.011050185156841363,-0.021758773667538478,-0.022652879571524842,False,,,0.5.0-reconectado,dad46b6,2026-07-08T15:41:03.641403
39,824815,2026-07-08,Chicago Cubs,Baltimore Orioles,Colin Rea,Dean Kremer,4.04,3.65,0.17215189873417722,0.3076923076923077,7,7,1.0,Oriole Park at Camden Yards,83.3,0.4531000517466145,0.5468999482533855,4.1,4.11,0.49917253519794036,0.5008274648020596,0.4993682628246393,0.5006317371753607,0.29724917086522806,0.7027508291347719,8.21,0.4716981132075472,0.5475113122171946,0.46450423508138045,0.5354957649186196,112.0,-121.0,api_live,2026-07-08T15:40:52.940604,Baltimore Orioles,home,0.5354957649186196,-0.0006113639638091195,-0.01859806146093268,-0.0006113639638091195,-0.03942789029717719,-0.0011166234380314277,False,,,0.5.0-reconectado,dad46b6,2026-07-08T15:41:03.646941
40,824253,2026-07-08,Athletics,Detroit Tigers,Jeffrey Springs,Troy Melton,4.69,3.81,0.19656019656019655,0.19161676646706588,8,7,0.96,Comerica Park,88.4,0.44404451689439445,0.5559554831056056,3.61,4.38,0.37723485728114403,0.622765142718856,0.40506962905162347,0.5949303709483765,0.3938319512977684,0.6061680487022316,8.0,0.4444444444444444,0.5670995670995671,0.4443213834051412,0.5556786165948587,125.0,-131.0,api_live,2026-07-08T15:40:52.940604,Detroit Tigers,home,0.5556786165948587,-0.011144083993961496,-0.00039992755004997216,-0.011144083993961496,-0.0008998369876124235,-0.01965101834049693,False,,,0.5.0-reconectado,dad46b6,2026-07-08T15:41:03.649404
41,823360,2026-07-08,Atlanta Braves,Pittsburgh Pirates,Grant Holmes,Jared Jones,2.41,4.05,0.199438202247191,0.24603174603174602,5,6,0.97,PNC Park,87.5,0.5001570602732971,0.49984293972670285,3.6,4.32,0.38464360179336365,0.6153563982066363,0.41071836788692406,0.5892816321130759,0.38623780966309385,0.6137621903369062,7.92,0.49261083743842365,0.5305164319248826,0.4803006610625798,0.5196993389374202,103.0,-113.0,api_live,2026-07-08T15:40:52.940604,Pittsburgh Pirates,home,0.5196993389374202,-0.030673492198179775,0.0075462228348734395,-0.030673492198179775,0.015318832354793144,-0.05781817555940083,False,,,0.5.0-reconectado,dad46b6,2026-07-08T15:41:03.651537
42,823848,2026-07-08,Seattle Mariners,Miami Marlins,George Kirby,Tyler Phillips,3.04,3.96,0.21064814814814814,0.1750841750841751,9,5,0.93,loanDepot park,85.5,0.5050564654403626,0.49494353455963724,2.97,3.87,0.3441938066511667,0.6558061933488333,0.37551543159429,0.62448456840571,0.40413057757374027,0.5958694224262597,6.84,0.5555555555555556,0.46511627906976744,0.5438823133705852,0.45611768662941476,-125.0,115.0,api_live,2026-07-08T15:40:52.940604,Seattle Mariners,away,0.5438823133705852,-0.050499090115192935,-0.050499090115192935,0.02982725548986981,-0.0908983622073472,0.06412859930322001,False,,,0.5.0-reconectado,dad46b6,2026-07-08T15:41:03.653552
43,822957,2026-07-08,New York Yankees,Tampa Bay Rays,Gerrit Cole,Shane McClanahan,3.12,3.86,0.22777777777777777,0.2319277108433735,5,7,1.0,George M. Steinbrenner Field,92.0,0.49495520530771603,0.505044794692284,3.38,4.12,0.37839620901056803,0.621603790989432,0.4048413895270564,0.5951586104729436,0.3851783305767448,0.6148216694232552,7.5,0.4878048780487805,0.5327102803738317,0.47675829631783756,0.5232417036821624,105.0,-114.0,api_live,2026-07-08T15:40:52.940604,Tampa Bay Rays,home,0.5232417036821624,-0.027665485681547697,0.0071503272589355515,-0.027665485681547697,0.014658170880817778,-0.051933455577642285,False,,,0.5.0-reconectado,dad46b6,2026-07-08T15:41:03.655564
44,822710,2026-07-08,Houston Astros,Washington Nationals,Spencer Arrighetti,Foster Griffin,3.27,4.98,0.23867069486404835,0.23809523809523808,5,5,1.0,Nationals Park,85.1,0.4818301624927707,0.5181698375072293,3.25,4.71,0.2760315348343627,0.7239684651656373,0.3232587735935969,0.6767412264064031,0.48967908234630664,0.5103209176536934,7.96,0.45045045045045046,0.5726495726495726,0.443471704240731,0.556528295759269,122.0,-134.0,api_live,2026-07-08T15:40:52.940604,Washington Nationals,home,0.556528295759269,-0.05447973514234328,0.03137971204232026,-0.05447973514234328,0.06966296073395106,-0.09513625390528607,True,,,0.5.0-reconectado,dad46b6,2026-07-08T15:41:03.657570
45,823605,2026-07-08,Kansas City Royals,New York Mets,Steven Cruz,Christian Scott,4.38,3.94,0.29838709677419356,0.2803738317757009,2,5,0.96,Citi Field,77.7,0.4840036635775839,0.515996336422416,3.71,3.75,0.4934632702853846,0.5065367297146154,0.4949172999931707,0.5050827000068293,0.292088150752682,0.707911849247318,7.46,0.3875968992248062,0.6323529411764706,0.38386576910120174,0.6161342308987982,158.0,-172.0,api_live,2026-07-08T15:40:52.940604,New York Mets,home,0.6161342308987982,-0.11635660475405452,0.09640676435277767,-0.11635660475405452,0.2487294520301665,-0.18400579356455138,True,,,0.5.0-reconectado,dad46b6,2026-07-08T15:41:03.659570
46,823684,2026-07-08,Cleveland Guardians,Minnesota Twins,Slade Cecconi,Connor Prielipp,3.13,4.7,0.17718446601941748,0.23809523809523808,6,10,0.98,Target Field,80.4,0.48919929103868465,0.5108007089613155,3.42,4.54,0.3241862698534774,0.6758137301465226,0.36278752528397085,0.6372124747160292,0.44192905111620784,0.5580709488837922,7.97,0.4716981132075472,0.5475113122171946,0.4606897069216838,0.5393102930783162,112.0,-121.0,api_live,2026-07-08T15:40:52.940604,Minnesota Twins,home,0.5393102930783162,-0.03671060325587916,0.01750117783113747,-0.03671060325587916,0.037102497002011514,-0.06704994478966347,True,,,0.5.0-reconectado,dad46b6,2026-07-08T15:41:03.661546
47,824578,2026-07-08,Boston Red Sox,Chicago White Sox,Jake Bennett,Davis Martin,3.75,3.62,0.19745222929936307,0.22670025188916876,5,6,1.0,Rate Field,80.7,0.4786980388666314,0.5213019611333685,3.29,3.84,0.40696998863024525,0.5930300113697548,0.4267630292380614,0.5732369707619386,0.35502001564751684,0.6449799843524832,7.13,0.5,0.5215311004784688,0.4897535387281777,0.5102464612718224,100.0,-109.0,api_live,2026-07-08T15:40:52.940604,Chicago White Sox,home,0.5102464612718224,-0.00022913934510038203,-0.021301961133368574,-0.00022913934510038203,-0.04260392226673715,-0.00043935892776136853,False,,,0.5.0-reconectado,dad46b6,2026-07-08T15:41:03.663634
48,823032,2026-07-08,Milwaukee Brewers,St. Louis Cardinals,Kyle Harrison,Michael McGreevy,3.09,4.23,0.3055555555555556,0.15915119363395225,5,7,0.97,Busch Stadium,89.2,0.5366486905057546,0.46335130949424536,3.27,3.55,0.45009820532160816,0.5499017946783918,0.4605179428675249,0.5394820571324751,0.31541039547298844,0.6845896045270116,6.82,0.5901639344262295,0.4329004329004329,0.5724013772592299,0.42759862274077,-144.0,131.0,api_live,2026-07-08T15:40:52.940604,Milwaukee Brewers,away,0.5724013772592299,-0.05351524392047491,-0.05351524392047491,0.03045087659381246,-0.09067860775413805,0.07034152493170687,False,,,0.5.0-reconectado,dad46b6,2026-07-08T15:41:03.665662
49,822880,2026-07-08,Los Angeles Angels,Texas Rangers,Walbert Ureña,MacKenzie Gore,3.85,3.49,0.22255192878338279,0.2549019607843137,6,7,1.01,Globe Life Field,98.5,0.4896294865684217,0.5103705134315782,3.81,3.51,0.5524871775587963,0.44751282244120366,0.5410042447876032,0.45899575521239677,0.24776991917433633,0.7522300808256637,7.32,0.423728813559322,0.5934959349593496,0.41704358390541024,0.5829564160945897,136.0,-146.0,api_live,2026-07-08T15:40:52.940604,Texas Rangers,home,0.5829564160945897,-0.08312542152777136,0.06590067300909969,-0.08312542152777136,0.15552558830147523,-0.14006064175227229,False,,,0.5.0-reconectado,dad46b6,2026-07-08T15:41:03.667868
50,823928,2026-07-08,Colorado Rockies,Los Angeles Dodgers,Gabriel Hughes,Roki Sasaki,5.22,2.82,0.09090909090909091,0.22796352583586627,5,6,0.95,Dodger Stadium,76.6,0.447411111356624,0.5525888886433761,4.93,3.97,0.6421679007502505,0.3578320992497495,0.6079734236015963,0.39202657639840366,0.2021872032341041,0.7978127967658959,8.9,0.33112582781456956,0.6923076923076923,0.32178052581281363,0.6782194741871863,202.0,-225.0,api_live,2026-07-08T15:40:52.940604,Los Angeles Dodgers,home,0.6782194741871863,-0.13971880366431622,0.11628528354205442,-0.13971880366431622,0.3511815562970044,-0.20181604973734568,False,,,0.5.0-reconectado,dad46b6,2026-07-08T15:41:03.670089
51,823279,2026-07-08,Arizona Diamondbacks,San Diego Padres,Jose Cabrera,Michael King,3.2,2.98,0.16666666666666666,0.20952380952380953,5,5,0.92,Petco Park,70.3,0.47699475875990555,0.5230052412400944,2.92,3.14,0.4586930455567888,0.5413069544432112,0.4666698113912038,0.5333301886087962,0.2954276277562705,0.7045723722437295,6.06,0.43478260869565216,0.576271186440678,0.43344347264731986,0.5665565273526801,130.0,-136.0,api_live,2026-07-08T15:40:52.940604,San Diego Padres,home,0.5665565273526801,-0.053265945200583587,0.042212150064253384,-0.053265945200583587,0.09708794514778274,-0.09243208137748321,True,,,0.5.0-reconectado,dad46b6,2026-07-08T15:41:03.672168
52,823359,2026-07-09,Atlanta Braves,Pittsburgh Pirates,Bryce Elder,Mitch Keller,2.36,4.11,0.2,0.17289719626168223,12,6,0.97,PNC Park,84.3,0.5218193729589513,0.47818062704104874,3.66,4.36,0.3882439908297368,0.6117560091702632,0.41373730372301576,0.5862626962769842,0.3844874285908165,0.6155125714091835,8.02,0.5260663507109005,0.4975124378109453,0.5162106559427517,0.48378934405724816,-111.0,101.0,api_live,2026-07-09T01:29:08.883422,Atlanta Braves,away,0.5162106559427517,-0.004246977751949155,-0.004246977751949155,-0.01933181076989654,-0.008073083834786221,-0.038856939647492095,False,,,0.5.0-reconectado,bccfa5b,2026-07-09T01:29:15.849420
53,823606,2026-07-09,Kansas City Royals,New York Mets,Michael Wacha,Sean Manaea,4.45,3.55,0.1961206896551724,0.22442244224422442,5,5,0.96,Citi Field,85.3,0.5033524825003843,0.4966475174996157,4.094658010862413,3.2151097319566495,0.6465378055530049,0.3534621944469951,0.6155832111621093,0.3844167888378906,0.18519840886805827,0.8148015911319417,7.31,0.44642857142857145,0.574468085106383,0.4380221939935364,0.5619778060064635,124.0,-135.0,api_live,2026-07-09T16:04:11.346461,New York Mets,home,0.5619778060064635,-0.07782056760676731,0.05692391107181288,-0.07782056760676731,0.12750956080086095,-0.135465432500669,True,,,0.5.0-reconectado,ec4ff7b,2026-07-09T01:29:15.855845
54,823683,2026-07-09,Cleveland Guardians,Minnesota Twins,Gavin Williams,Bailey Ober,3.29,4.52,0.2834101382488479,0.16370106761565836,6,40,0.98,Target Field,80.3,0.5186594297456693,0.4813405702543308,3.388791178636497,4.279898256365132,0.35546699851266783,0.6445330014873322,0.38701324468689335,0.6129867553131066,0.4082263998242557,0.5917736001757443,7.67,0.5495495495495496,0.46511627906976744,0.5431293863679737,0.4568706136320263,-122.0,115.0,api_live,2026-07-09T16:04:11.346461,Cleveland Guardians,away,0.5431293863679737,-0.030890119803880345,-0.030890119803880345,0.016224291184563366,-0.05620989013492972,0.03488222604681113,False,,,0.5.0-reconectado,ec4ff7b,2026-07-09T01:29:15.858698
55,824816,2026-07-09,Chicago Cubs,Baltimore Orioles,David Peterson,Trevor Rogers,4.15,3.78,0.1878453038674033,0.181058495821727,6,6,1.0,Oriole Park at Camden Yards,82.6,0.4686485284826898,0.5313514715173102,4.502808630104097,4.884948561981199,0.443646579129353,0.556353420870647,0.4580600523489172,0.5419399476510828,0.35437999058022596,0.645620009419774,9.39,0.4716981132075472,0.5454545454545454,0.4616070845703425,0.5383929154296575,112.0,-120.0,api_live,2026-07-09T16:04:11.346461,Baltimore Orioles,home,0.5383929154296575,-0.0141030739372352,-0.0030495847248573904,-0.0141030739372352,-0.006465119616697601,-0.025855635551597922,False,,,0.5.0-reconectado,ec4ff7b,2026-07-09T01:29:15.861284
56,824251,2026-07-09,Athletics,Detroit Tigers,Jack Perkins,Framber Valdez,4.63,3.77,0.2788844621513944,0.17607223476297967,6,7,0.96,Comerica Park,86.5,0.4811571636142042,0.5188428363857958,4.1615677251016026,4.528122278881896,0.4435304442132919,0.5564695557867081,0.4573012700833158,0.5426987299166842,0.34670490949987043,0.6532950905001296,8.69,0.4694835680751174,0.5515695067264574,0.4579221255155877,0.5420778744844124,113.0,-123.0,api_live,2026-07-09T16:04:11.346461,Detroit Tigers,home,0.5420778744844124,-0.03272667034066168,0.011673595539086812,-0.03272667034066168,0.02486475849825487,-0.05933371939811016,True,,,0.5.0-reconectado,ec4ff7b,2026-07-09T01:29:15.863780
57,823846,2026-07-09,Seattle Mariners,Miami Marlins,Bryce Miller,Janson Junk,3.0,3.81,0.3315508021390374,0.16862745098039217,7,45,0.93,loanDepot park,86.5,0.5500120673635338,0.4499879326364663,3.2855756812155827,3.266711386507107,0.5034275817887712,0.4965724182112287,0.5027273222554304,0.4972726777445696,0.271544450336346,0.728455549663654,6.55,0.5412844036697247,0.47619047619047616,0.5353459232648108,0.4646540767351892,-118.0,110.0,api_live,2026-07-09T16:04:11.346461,Seattle Mariners,away,0.5353459232648108,0.008727663693809062,0.008727663693809062,-0.02620254355400986,0.01612398885805394,-0.055025341463420696,False,,,0.5.0-reconectado,ec4ff7b,2026-07-09T01:29:15.866361
58,824494,2026-07-09,Philadelphia Phillies,Cincinnati Reds,Jesús Luzardo,Brady Singer,3.95,3.43,0.28604118993135014,0.18983957219251338,5,6,1.08,Great American Ball Park,84.7,0.5236164036731566,0.4763835963268435,4.457667778685084,3.857936715584039,0.5941435551578815,0.4058564448421184,0.5720233085905937,0.4279766914094063,0.22978000493283612,0.7702199950671639,8.32,0.6078431372549019,0.4132231404958678,0.5961310577773647,0.40386894222263525,-155.0,142.0,api_live,2026-07-09T16:04:11.346461,Philadelphia Phillies,away,0.5961310577773647,-0.08422673358174526,-0.08422673358174526,0.06316045583097574,-0.13856656169900033,0.1528483031109612,True,,,0.5.0-reconectado,ec4ff7b,2026-07-09T01:29:15.868857
59,823034,2026-07-09,Milwaukee Brewers,St. Louis Cardinals,Logan Henderson,Andre Pallante,3.11,4.06,0.3333333333333333,0.17587939698492464,48,6,0.97,Busch Stadium,83.7,0.5361495264252956,0.4638504735747043,3.448608793760421,3.726475703373852,0.45220254652732206,0.5477974534726779,0.4625312821474076,0.5374687178525924,0.31948895883904516,0.6805110411609548,7.18,0.5652173913043478,0.45662100456621,0.5524312078411315,0.44756879215886847,-130.0,119.0,api_live,2026-07-09T16:04:11.346461,Milwaukee Brewers,away,0.5524312078411315,-0.02906786487905222,-0.02906786487905222,0.007229469008494305,-0.05142776093986168,0.015832537128602442,False,,,0.5.0-reconectado,ec4ff7b,2026-07-09T01:29:15.871415
60,822877,2026-07-09,Los Angeles Angels,Texas Rangers,Reid Detmers,Nathan Eovaldi,3.81,3.6,0.2708333333333333,0.25229357798165136,6,7,1.01,Globe Life Field,97.8,0.487411375679425,0.5125886243205751,3.7487780475528765,3.9019833131973036,0.47455356589361397,0.525446434106386,0.4803025583150543,0.5196974416849457,0.30902854918061917,0.6909714508193808,7.65,0.45045045045045046,0.5689655172413793,0.44175496517819735,0.5582450348218027,122.0,-132.0,api_live,2026-07-09T16:04:11.346461,Texas Rangers,home,0.5582450348218027,-0.05637689292080428,0.03696092522897454,-0.05637689292080428,0.08205325400832342,-0.09908666028504992,True,,,0.5.0-reconectado,ec4ff7b,2026-07-09T01:29:15.873886
61,823277,2026-07-09,Arizona Diamondbacks,San Diego Padres,Merrill Kelly,Griffin Canning,3.31,3.05,0.13695090439276486,0.22026431718061673,5,5,0.92,Petco Park,68.6,0.4889396846545519,0.5110603153454482,3.7922015697260294,3.5796697148098158,0.5360336080422604,0.4639663919577396,0.5280947003990044,0.47190529960099553,0.2599793581782529,0.7400206418217471,7.37,0.47619047619047616,0.5475113122171946,0.4633778157779911,0.536622184222009,110.0,-121.0,api_live,2026-07-09T16:04:11.346461,San Diego Padres,home,0.536622184222009,-0.036450996871746466,0.012749208464075734,-0.036450996871746466,0.026773337774559036,-0.06657578767484262,False,,,0.5.0-reconectado,ec4ff7b,2026-07-09T01:29:15.876464
62,822954,2026-07-09,New York Yankees,Tampa Bay Rays,Paul Blackburn,Drew Rasmussen,3.1,3.83,0.1787709497206704,0.25396825396825395,2,5,1.0,George M. Steinbrenner Field,96.6,0.480702237013417,0.519297762986583,3.2068028557673562,3.604863017414141,0.4296498768212198,0.5703501231787802,0.44427001964054313,0.5557299803594569,0.33134915857681324,0.6686508414231868,6.81,0.4329004329004329,0.5918367346938775,0.4199879982373323,0.5800120017626678,131.0,-145.0,api_live,2026-07-09T16:04:11.346461,Tampa Bay Rays,home,0.5800120017626678,-0.07253897170729451,0.047801804112984125,-0.07253897170729451,0.11042216750099343,-0.12256584874680798,True,,,0.5.0-reconectado,ec4ff7b,2026-07-09T16:04:12.225775
63,824252,2026-07-10,Philadelphia Phillies,Detroit Tigers,Aaron Nola,Jack Flaherty,3.67,3.73,0.23209876543209876,0.26512968299711814,5,6,0.96,Comerica Park,84.1,0.47390057914955414,0.5260994208504459,3.6997301040225485,4.395608977059278,0.38949183901105444,0.6105081609889456,0.41486879434493207,0.5851312056550679,0.3845004147585155,0.6154995852414845,8.1,0.4878048780487805,0.5348837209302325,0.4786206915356326,0.5213793084643674,105.0,-115.0,api_live,2026-07-10T20:07:39.408996,Detroit Tigers,home,0.5213793084643674,-0.008784300079786589,-0.013904298899226342,-0.008784300079786589,-0.02850381274341407,-0.016422821888296746,False,,,0.5.0-reconectado,ec4ff7b,2026-07-10T20:07:41.217291
64,823357,2026-07-10,Milwaukee Brewers,Pittsburgh Pirates,Brandon Sproat,Braxton Ashcraft,3.23,4.11,0.25,0.27790432801822323,5,6,0.97,PNC Park,73.3,0.45795522411662914,0.542044775883371,3.341076888911816,4.810132358499118,0.2777028413646577,0.7222971586353423,0.32541891397694134,0.6745810860230587,0.4910417136205445,0.5089582863794555,8.15,0.47619047619047616,0.5475113122171946,0.46525603548578803,0.534743964514212,110.0,-121.0,api_live,2026-07-10T20:07:39.408996,Pittsburgh Pirates,home,0.534743964514212,-0.005466536333823657,-0.01823525207384702,-0.005466536333823657,-0.03829402935507875,-0.00998433495681833,False,,,0.5.0-reconectado,ec4ff7b,2026-07-10T20:07:41.223651
65,822709,2026-07-10,New York Yankees,Washington Nationals,Ryan Weathers,Carson Palmquist,3.13,5.22,0.2694300518134715,0.25,5,3,1.0,Nationals Park,83.5,0.5180924793739751,0.4819075206260249,4.003074828210731,5.006608064677041,0.3516955531353917,0.6483044468646083,0.3875203485714396,0.6124796514285604,0.43052016564060824,0.5694798343593918,9.01,0.5934959349593496,0.425531914893617,0.5859702857450773,0.41402971425492274,-146.0,135.0,api_live,2026-07-10T20:07:39.408996,New York Yankees,away,0.5859702857450773,-0.07540345558537453,-0.07540345558537453,0.05637560573240785,-0.1270496580411105,0.1324826734711585,False,,,0.5.0-reconectado,ec4ff7b,2026-07-10T20:07:41.226527
66,824817,2026-07-10,Kansas City Royals,Baltimore Orioles,Luinder Avila,Brandon Young,4.5,3.77,0.20982142857142858,0.18452380952380953,5,6,1.0,Oriole Park at Camden Yards,82.5,0.45900658746281714,0.5409934125371828,3.8065302899433173,4.24185972894033,0.43007684998042217,0.5699231500195778,0.44627808614157327,0.5537219138584267,0.3496643162086809,0.6503356837913191,8.05,0.4329004329004329,0.5918367346938775,0.42336218013610616,0.5766378198638938,131.0,-145.0,api_live,2026-07-10T20:07:39.408996,Baltimore Orioles,home,0.5766378198638938,-0.05084332215669474,0.026106154562384243,-0.05084332215669474,0.06030521703910752,-0.08590768226476009,True,,,0.5.0-reconectado,ec4ff7b,2026-07-10T20:07:41.229080
67,824493,2026-07-10,Chicago Cubs,Cincinnati Reds,Shota Imanaga,Hunter Greene,4.18,3.4,0.24096385542168675,0.35,6,6,1.08,Great American Ball Park,85.0,0.5203464887795328,0.47965351122046723,5.333226464801924,4.02419217802081,0.6865001505317136,0.3134998494682863,0.6414262873647412,0.35857371263525883,0.17600469212243974,0.8239953078775603,9.36,0.5238095238095238,0.5,0.5105545438173192,0.48944545618268087,-110.0,100.0,api_live,2026-07-10T20:07:39.408996,Chicago Cubs,away,0.5105545438173192,-0.003463035029991013,-0.003463035029991013,-0.020346488779532768,-0.006611248693619176,-0.04069297755906559,False,,,0.5.0-reconectado,ec4ff7b,2026-07-10T20:07:41.231669
68,822955,2026-07-10,Seattle Mariners,Tampa Bay Rays,Luis Castillo,Nick Martinez,3.05,3.94,0.21095890410958903,0.14950980392156862,7,7,1.0,George M. Steinbrenner Field,89.9,0.47118687416232863,0.5288131258376715,2.8095853898289573,4.408820273342466,0.24564759631522415,0.7543524036847759,0.2941905192206645,0.7058094807793355,0.509093560705304,0.490906439294696,7.22,0.4830917874396135,0.5370370370370371,0.47760975808310924,0.5223902419168908,107.0,-116.0,api_live,2026-07-10T20:07:39.408996,Tampa Bay Rays,home,0.5223902419168908,-0.008223911199365608,-0.011904913277284879,-0.008223911199365608,-0.02464317048397968,-0.015313489819508308,False,,,0.5.0-reconectado,ec4ff7b,2026-07-10T20:07:41.234241
69,823845,2026-07-10,Cleveland Guardians,Miami Marlins,Parker Messick,Sandy Alcantara,3.26,4.01,0.2576832151300236,0.17794970986460348,6,6,0.93,loanDepot park,85.8,0.5125356793143331,0.48746432068566686,3.0383939957511523,3.52196567772334,0.41290992231295864,0.5870900776870414,0.43047469124083537,0.5695253087591646,0.34027799155582183,0.6597220084441782,6.56,0.4830917874396135,0.5370370370370371,0.4766718954743825,0.5233281045256175,107.0,-116.0,api_live,2026-07-10T20:07:39.408996,Miami Marlins,home,0.5233281045256175,-0.04957271635137023,0.029443891874719574,-0.04957271635137023,0.060948856180669475,-0.09230781665427557,False,,,0.5.0-reconectado,ec4ff7b,2026-07-10T20:07:41.236791
70,823604,2026-07-10,Boston Red Sox,New York Mets,Sonny Gray,Nolan McLean,3.64,3.86,0.22841225626740946,0.2796208530805687,6,5,0.96,Citi Field,87.6,0.506306986091577,0.4936930139084231,3.3475912969878503,3.08173823812857,0.5487145995646858,0.4512854004353141,0.5389294987128073,0.4610705012871927,0.238196087570673,0.761803912429327,6.43,0.425531914893617,0.5901639344262295,0.42394690434788634,0.5760530956521137,135.0,-144.0,api_live,2026-07-10T20:07:39.408996,New York Mets,home,0.5760530956521137,-0.09647092051780642,0.08077507119795996,-0.09647092051780642,0.18982141731520596,-0.16346461532183876,True,,,0.5.0-reconectado,ec4ff7b,2026-07-10T20:07:41.239313
71,824575,2026-07-10,Athletics,Chicago White Sox,Jacob Lopez,Sean Burke,4.63,3.63,0.16342412451361868,0.25790754257907544,3,6,1.0,Rate Field,74.3,0.4091949801578193,0.5908050198421808,4.004103689536567,4.908148865575499,0.36498899371471927,0.6350110062852807,0.3975964444354487,0.6024035555645513,0.41708370568843345,0.5829162943115666,8.91,0.42016806722689076,0.6031746031746031,0.4120598304388587,0.5879401695611413,138.0,-152.0,api_live,2026-07-10T20:07:39.408996,Chicago White Sox,home,0.5879401695611413,-0.01236958333242233,-0.010973087069071463,-0.01236958333242233,-0.026115947224390146,-0.02050746710375284,False,,,0.5.0-reconectado,ec4ff7b,2026-07-10T20:07:41.241920
72,822878,2026-07-10,Houston Astros,Texas Rangers,Hunter Brown,Cal Quantrill,3.23,3.63,0.2734375,0.1588235294117647,6,6,1.01,Globe Life Field,95.5,0.5079370757074735,0.49206292429252646,3.5723669910007647,3.8064336975933064,0.4603482833087663,0.5396517166912337,0.4690855447266228,0.5309144552733772,0.31619085343327913,0.6838091465667209,7.38,0.576271186440678,0.4484304932735426,0.5620360612747686,0.43796393872523154,-136.0,123.0,api_live,2026-07-10T20:07:39.408996,Houston Astros,away,0.5620360612747686,-0.0683341107332045,-0.0683341107332045,0.04363243101898384,-0.11857978038997247,0.097300321172334,False,,,0.5.0-reconectado,ec4ff7b,2026-07-10T20:07:41.244536
73,823685,2026-07-10,Los Angeles Angels,Minnesota Twins,Grayson Rodriguez,Zebby Matthews,3.81,4.6,0.1951219512195122,0.20481927710843373,26,6,0.98,Target Field,87.8,0.45499201980752496,0.545007980192475,3.778386528465742,5.132951007459315,0.30260843502395085,0.6973915649760491,0.3484868657250324,0.6515131342749676,0.47656831071219663,0.5234316892878034,8.91,0.43859649122807015,0.5850622406639004,0.42703023328686895,0.5729697667131312,128.0,-141.0,api_live,2026-07-10T20:07:39.408996,Minnesota Twins,home,0.5729697667131312,-0.04005426047142546,0.01639552857945481,-0.04005426047142546,0.03738180516115697,-0.0684615374015144,True,,,0.5.0-reconectado,ec4ff7b,2026-07-10T20:07:41.247067
74,823033,2026-07-10,Atlanta Braves,St. Louis Cardinals,Chris Sale,Kyle Leahy,2.49,4.07,0.2857142857142857,0.1931216931216931,6,6,0.97,Busch Stadium,73.6,0.5524816955486075,0.4475183044513924,3.2972991710987785,3.2462443346000622,0.5092829327535511,0.4907170672464489,0.5073883624911588,0.4926116375088412,0.26723538966121696,0.732764610338783,6.54,0.6108949416342413,0.40816326530612246,0.5979763011149622,0.4020236988850377,-157.0,145.0,api_live,2026-07-10T20:07:39.408996,Atlanta Braves,away,0.5979763011149622,-0.05841324608563381,-0.05841324608563381,0.03935503914526994,-0.0956191353121521,0.09641984590591135,True,,,0.5.0-reconectado,ec4ff7b,2026-07-10T20:07:41.249588
75,823278,2026-07-10,Toronto Blue Jays,San Diego Padres,Shane Bieber,JP Sears,2.96,3.04,0.140625,0.208955223880597,6,5,0.92,Petco Park,66.9,0.4630179894368355,0.5369820105631646,3.1222007550722113,3.5345639275150877,0.4261875830284443,0.5738124169715557,0.44127988055067624,0.5587201194493238,0.3314087617115833,0.6685912382884167,6.66,0.4807692307692308,0.5412844036697247,0.47214816688146627,0.5278518331185337,108.0,-118.0,api_live,2026-07-10T20:07:39.408996,San Diego Padres,home,0.5278518331185337,-0.0043023931065601095,-0.017751241332395307,-0.0043023931065601095,-0.03692258197138221,-0.007948488959577227,False,,,0.5.0-reconectado,ec4ff7b,2026-07-10T20:07:41.252160
76,823200,2026-07-10,Colorado Rockies,San Francisco Giants,Tanner Gordon,Robbie Ray,5.32,3.26,0.22439024390243903,0.20476190476190476,5,6,0.9,Oracle Park,60.4,0.452015416231505,0.547984583768495,3.9827647471499876,4.259712134272609,0.45597545002952056,0.5440245499704794,0.46638283298185834,0.5336171670181417,0.3312378594159643,0.6687621405840357,8.24,0.4291845493562232,0.5934959349593496,0.41901251493011055,0.5809874850698895,133.0,-146.0,api_live,2026-07-10T20:07:39.408996,San Francisco Giants,home,0.5809874850698895,-0.04551135119085459,0.022830866875281797,-0.04551135119085459,0.053195919819406634,-0.07668350954075498,True,,,0.5.0-reconectado,ec4ff7b,2026-07-10T20:07:41.254704
77,823356,2026-07-11,Milwaukee Brewers,Pittsburgh Pirates,Shane Drohan,Bubba Chandler,3.2,4.09,0.22846441947565543,0.1975,5,6,0.97,PNC Park,78.0,0.5328071162985595,0.4671928837014404,3.941030909533216,3.9944655355993266,0.49130279788016495,0.508697202119835,0.49331615267525397,0.506683847324746,0.29992541168461495,0.700074588315385,7.94,0.5614035087719298,0.4608294930875576,0.5469496345120513,0.4530503654879488,-128.0,117.0,api_live,2026-07-11T18:10:52.586262,Milwaukee Brewers,away,0.5469496345120513,-0.028596392473370313,-0.028596392473370313,0.006363390613882802,-0.050937324093190905,0.013808557632125629,False,,,0.5.0-reconectado,ec4ff7b,2026-07-11T18:10:55.548291
78,823682,2026-07-11,Los Angeles Angels,Minnesota Twins,Ryan Johnson,Joe Ryan,3.74,4.22,0.183206106870229,0.28773584905660377,6,6,0.98,Target Field,87.9,0.43051422028433073,0.5694857797156693,3.1608580657721714,4.8127948527398265,0.2509953757143798,0.7490046242856202,0.3022061410952658,0.6977938589047342,0.5166477205164153,0.4833522794835847,7.97,0.3861003861003861,0.6363636363636364,0.37901887679665625,0.6209811232033438,159.0,-175.0,api_live,2026-07-11T18:10:52.586262,Minnesota Twins,home,0.6209811232033438,-0.06687785664796708,0.04441383418394462,-0.06687785664796708,0.11503183053641663,-0.10509377473251974,True,,,0.5.0-reconectado,ec4ff7b,2026-07-11T18:10:55.554629
79,823198,2026-07-11,Colorado Rockies,San Francisco Giants,Kyle Freeland,Tyler Mahle,5.14,3.34,0.18518518518518517,0.22402597402597402,5,6,0.9,Oracle Park,68.5,0.4509329472122748,0.5490670527877254,4.673964948872462,4.681042312517922,0.49895065600955624,0.5010493439904438,0.4992198263962918,0.5007801736037082,0.30965840255418886,0.6903415974458111,9.36,0.43478260869565216,0.5850622406639004,0.4255838308034833,0.5744161691965167,130.0,-141.0,api_live,2026-07-11T18:10:52.586262,San Francisco Giants,home,0.5744161691965167,-0.03599518787617506,0.01615033851662262,-0.03599518787617506,0.03714577858823198,-0.06152368991601548,True,,,0.5.0-reconectado,ec4ff7b,2026-07-11T18:10:55.557603
80,822711,2026-07-11,New York Yankees,Washington Nationals,Cam Schlittler,PJ Poulin,3.15,5.29,0.29638009049773756,0.1506849315068493,5,6,1.0,Nationals Park,85.8,0.5702232849230532,0.42977671507694676,3.514944332076479,3.99468213496908,0.4199643739945189,0.5800356260054811,0.43765358633668283,0.5623464136633172,0.3503141695574892,0.6496858304425108,7.51,0.6539792387543253,0.37037037037037035,0.6372149506608706,0.36278504933912936,-189.0,170.0,api_live,2026-07-11T18:10:52.586262,New York Yankees,away,0.6372149506608706,-0.0837559538312721,-0.0837559538312721,0.05940634470657641,-0.12807127331871765,0.16039713070775619,False,,,0.5.0-reconectado,ec4ff7b,2026-07-11T18:10:55.560308
81,823603,2026-07-11,Boston Red Sox,New York Mets,Eduardo Rivera,Freddy Peralta,3.59,3.95,0.3,0.2202247191011236,80,5,0.96,Citi Field,78.4,0.5424168881403012,0.45758311185969885,3.677829535084877,3.5050284197182573,0.5297505620503633,0.47024943794963664,0.5233014079567426,0.4766985920432574,0.2619771519583918,0.7380228480416082,7.18,0.43103448275862066,0.5918367346938775,0.42082404004847385,0.5791759599515262,132.0,-145.0,api_live,2026-07-11T18:10:52.586262,New York Mets,home,0.5791759599515262,-0.1342536228341787,0.11138240538168054,-0.1342536228341787,0.2584071804854988,-0.22684232823706046,True,,,0.5.0-reconectado,ec4ff7b,2026-07-11T18:10:55.563020
82,822953,2026-07-11,Seattle Mariners,Tampa Bay Rays,Logan Gilbert,Griffin Jax,3.15,3.89,0.2720763723150358,0.2556390977443609,7,5,1.0,George M. Steinbrenner Field,89.3,0.5046514472004966,0.49534855279950346,3.201644603082778,3.7838597009535615,0.3991626245524783,0.6008373754475217,0.42027198947621247,0.5797280105237875,0.3590832143632381,0.6409167856367619,6.99,0.5,0.5192307692307693,0.49106823546885675,0.5089317645311433,100.0,-108.0,api_live,2026-07-11T18:10:52.586262,,,0.5089317645311433,,0.0046514472004965945,-0.023882216431265813,0.009302894400993189,-0.04599537979354895,False,,,0.5.0-reconectado,ec4ff7b,2026-07-11T18:10:55.565805
83,823844,2026-07-11,Cleveland Guardians,Miami Marlins,Tanner Bibee,Eury Pérez,3.26,4.01,0.19534883720930232,0.2755417956656347,6,6,0.93,loanDepot park,86.6,0.4721094503320047,0.5278905496679953,2.9692335122375413,3.987442747155261,0.32714764351448256,0.6728523564855174,0.36189084662036597,0.638109153379634,0.42188958027513856,0.5781104197248614,6.96,0.43103448275862066,0.5918367346938775,0.4199370671005406,0.5800629328994594,132.0,-145.0,api_live,2026-07-11T18:10:52.586262,Miami Marlins,home,0.5800629328994594,-0.06394618502588223,0.041074967573384025,-0.06394618502588223,0.09529392477025089,-0.10804700228511133,True,,,0.5.0-reconectado,ec4ff7b,2026-07-11T18:10:55.568480
84,824249,2026-07-11,Philadelphia Phillies,Detroit Tigers,Cristopher Sánchez,Casey Mize,3.89,3.67,0.2762096774193548,0.2571428571428571,5,6,0.96,Comerica Park,84.9,0.49688409671140504,0.503115903288595,3.114709977973188,3.169418431094616,0.4898171421797146,0.5101828578202854,0.49183950947312605,0.508160490526874,0.2768605396967001,0.7231394603032999,6.28,0.576271186440678,0.4484304932735426,0.5632263707473018,0.43677362925269825,-136.0,123.0,api_live,2026-07-11T18:10:52.586262,Philadelphia Phillies,away,0.5632263707473018,-0.07938708972927294,-0.07938708972927294,0.054685410015052394,-0.1377599498243266,0.12194846433356687,True,,,0.5.0-reconectado,ec4ff7b,2026-07-11T18:10:55.571110
85,824813,2026-07-11,Kansas City Royals,Baltimore Orioles,Noah Cameron,Kyle Bradish,4.41,3.74,0.20707070707070707,0.23543123543123542,5,6,1.0,Oriole Park at Camden Yards,82.6,0.47264452395602075,0.5273554760439794,3.8843356507856606,4.185355413966441,0.45158927775669233,0.5484107222433077,0.4628733577230898,0.5371266422769102,0.3325429535016581,0.6674570464983419,8.07,0.4219409282700422,0.6,0.4157372522536475,0.5842627477463525,137.0,-150.0,api_live,2026-07-11T18:10:52.586262,Baltimore Orioles,home,0.5842627477463525,-0.07264452395602061,0.05070359568597854,-0.07264452395602061,0.12016752177576917,-0.12107420659336776,True,,,0.5.0-reconectado,ec4ff7b,2026-07-11T18:10:55.573723
86,822875,2026-07-11,Houston Astros,Texas Rangers,Peter Lambert,Kumar Rocker,3.34,3.61,0.22356495468277945,0.20441988950276244,6,6,1.01,Globe Life Field,96.4,0.5073562757599586,0.49264372424004144,3.7119049365130405,3.637222610819033,0.5126998597783319,0.48730014022166807,0.5099019846278716,0.4900980153721284,0.2764575158378928,0.7235424841621072,7.35,0.4878048780487805,0.5348837209302325,0.480301692977374,0.519698307022626,105.0,-115.0,api_live,2026-07-11T18:10:52.586262,Texas Rangers,home,0.519698307022626,-0.04223999669019107,0.019551397711178087,-0.04223999669019107,0.040080365307915033,-0.07897042859470516,True,,,0.5.0-reconectado,ec4ff7b,2026-07-11T18:10:55.576296
87,824492,2026-07-11,Chicago Cubs,Cincinnati Reds,Javier Assad,Nick Lodolo,4.25,3.36,0.14732142857142858,0.17898832684824903,6,6,1.08,Great American Ball Park,76.1,0.4975969705965432,0.5024030294034568,4.791812034850624,3.9737273605991126,0.6237382644754297,0.37626173552457026,0.5940128092372028,0.40598719076279716,0.21353571433252327,0.7864642856674767,8.77,0.49261083743842365,0.5238095238095238,0.4872897523295271,0.5127102476704729,103.0,-110.0,api_live,2026-07-11T18:10:52.586262,Cincinnati Reds,home,0.5127102476704729,-0.02140649440606701,0.004986133158119521,-0.02140649440606701,0.010121850310982672,-0.04086694386612788,False,,,0.5.0-reconectado,ec4ff7b,2026-07-11T18:10:55.578841
88,823030,2026-07-11,Atlanta Braves,St. Louis Cardinals,Reynaldo López,Matthew Liberatore,2.52,4.01,0.21338912133891214,0.21025641025641026,5,6,0.97,Busch Stadium,76.0,0.5356653807233546,0.4643346192766454,3.7872415219516293,3.610333308271175,0.5299469053504597,0.4700530946495403,0.5233295150903559,0.4766704849096442,0.2646453196917754,0.7353546803082246,7.4,0.504950495049505,0.5145631067961165,0.4967564886891113,0.5032435113108887,-102.0,-106.0,api_live,2026-07-11T18:10:52.586262,,,0.5032435113108887,,0.030714885673849612,-0.05022848751947112,0.06082751868742764,-0.09761385310387788,True,,,0.5.0-reconectado,ec4ff7b,2026-07-11T18:10:55.581440
89,823276,2026-07-11,Toronto Blue Jays,San Diego Padres,Trey Yesavage,Walker Buehler,2.91,3.05,0.22818791946308725,0.21333333333333335,6,5,0.92,Petco Park,73.7,0.5174758137028193,0.4825241862971808,3.304007444114708,2.8487976325880906,0.5851209787530303,0.41487902124696974,0.5686743403222418,0.4313256596777581,0.21017468373544523,0.7898253162645548,6.15,0.5098039215686274,0.5145631067961165,0.49465804733715163,0.5053419526628483,-104.0,-106.0,api_live,2026-07-11T18:10:52.586262,,,0.5053419526628483,,0.007671892134191838,-0.0320389204989357,0.015048711493991618,-0.062264317196044916,True,,,0.5.0-reconectado,ec4ff7b,2026-07-11T18:10:55.583990
90,823926,2026-07-11,Arizona Diamondbacks,Los Angeles Dodgers,Brandon Pfaadt,Yoshinobu Yamamoto,3.42,2.91,0.18660287081339713,0.25125628140703515,5,7,0.95,Dodger Stadium,78.1,0.4209372666988996,0.5790627333011005,2.6986787330456887,4.30857070720819,0.24045500470627124,0.7595449952937288,0.28865165739504706,0.7113483426049529,0.5106441378777311,0.4893558621222689,7.01,0.2976190476190476,0.726027397260274,0.2936451580217504,0.7063548419782495,236.0,-265.0,api_live,2026-07-11T18:10:52.586262,Los Angeles Dodgers,home,0.7063548419782495,-0.1469646639591735,0.12331821907985197,-0.1469646639591735,0.41434921610830244,-0.20242302771735216,True,,,0.5.0-reconectado,ec4ff7b,2026-07-11T18:10:55.586558
91,824814,2026-07-12,Kansas City Royals,Baltimore Orioles,Seth Lugo,Shane Baz,4.43,3.71,0.18561484918793503,0.1956521739130435,5,5,1.0,Oriole Park at Camden Yards,79.8,0.47843495671225483,0.5215650432877452,4.014483904671161,4.11013662649241,0.4923207261874696,0.5076792738125304,0.49070678716099025,0.5092932128390097,0.307341904920549,0.692658095079451,8.12,0.4329004329004329,0.5918367346938775,0.42241107619507473,0.5775889238049252,131.0,-145.0,api_live,2026-07-12T16:07:13.586089,Baltimore Orioles,home,0.5775889238049252,-0.07027169140613232,0.045534523811821936,-0.07027169140613232,0.10518475000530858,-0.11873492685863735,True,False,,0.6.0-skellam-calibrado,40bda82,2026-07-12T16:07:23.389670
92,822708,2026-07-12,New York Yankees,Washington Nationals,Will Warren,Cade Cavalli,3.12,4.7,0.22926829268292684,0.25485436893203883,5,7,1.0,Nationals Park,83.2,0.4975274146156952,0.5024725853843048,3.7212248141320687,4.7181266418550045,0.4236675787430042,0.5763324212569958,0.406946376174777,0.593053623825223,0.42706721892606436,0.5729327810739356,8.44,0.4878048780487805,0.5305164319248826,0.4835193592232892,0.5164806407767109,105.0,-113.0,api_live,2026-07-12T16:07:13.586089,Washington Nationals,home,0.5164806407767109,-0.028043846540577788,0.009722536566914741,-0.028043846540577788,0.019931199962175183,-0.052861409850823604,False,False,,0.6.0-skellam-calibrado,40bda82,2026-07-12T16:07:23.393074
93,824491,2026-07-12,Chicago Cubs,Cincinnati Reds,Matthew Boyd,Andrew Abbott,4.05,3.54,0.2619047619047619,0.18493150684931506,5,5,1.08,Great American Ball Park,81.3,0.5131688525832617,0.4868311474167383,4.428943385597214,4.104806119396782,0.5252428387623246,0.4747571612376754,0.5301488657891829,0.46985113421081715,0.26279064030467125,0.7372093596953287,8.53,0.5555555555555556,0.4672897196261682,0.543045170117214,0.456954829882786,-125.0,114.0,api_live,2026-07-12T16:07:13.586089,Chicago Cubs,away,0.543045170117214,-0.042386702972293855,-0.042386702972293855,0.019541427790570054,-0.0762960653501289,0.04181865547181984,True,False,,0.6.0-skellam-calibrado,40bda82,2026-07-12T16:07:23.394486
94,823602,2026-07-12,Boston Red Sox,New York Mets,Payton Tolle,Zach Thornton,3.46,3.57,0.24539877300613497,0.23809523809523808,5,16,0.96,Citi Field,85.7,0.5120638083878953,0.4879361916121046,3.4812901948037975,3.1504387165268413,0.5297366342812789,0.47026336571872107,0.5382770799331222,0.4617229200668778,0.23388018075684103,0.766119819243159,6.63,0.5169082125603864,0.5073891625615764,0.505879674812459,0.49412032518754107,-107.0,-103.0,api_live,2026-07-12T16:07:13.586089,,,0.505879674812459,,-0.004844404172491101,-0.019452970949471793,-0.009371884707529587,-0.03833935051206572,False,False,,0.6.0-skellam-calibrado,40bda82,2026-07-12T16:07:23.395649
95,822951,2026-07-12,Seattle Mariners,Tampa Bay Rays,Emerson Hancock,Ian Seymour,3.18,3.83,0.23958333333333334,0.2868525896414343,7,5,1.0,George M. Steinbrenner Field,92.0,0.49418334099706246,0.5058166590029375,3.3505188172853764,3.8206863559600266,0.459732554702063,0.540267445297937,0.4491937813311273,0.5508062186688727,0.34546875703361213,0.6545312429663879,7.17,0.43859649122807015,0.5833333333333334,0.43033173696276045,0.5696682630372396,128.0,-140.0,api_live,2026-07-12T16:07:13.586089,Tampa Bay Rays,home,0.5696682630372396,-0.07751667433039588,0.05558684976899231,-0.07751667433039588,0.12673801747330238,-0.13288572742353572,True,False,,0.6.0-skellam-calibrado,40bda82,2026-07-12T16:07:23.396771
96,824250,2026-07-12,Philadelphia Phillies,Detroit Tigers,Zack Wheeler,Tarik Skubal,3.86,3.61,0.29429429429429427,0.30434782608695654,5,5,0.96,Comerica Park,83.1,0.4915081197865296,0.5084918802134705,3.219136702582347,3.0994890251101554,0.511095115028122,0.488904884971878,0.5144427875509139,0.48555721244908606,0.254601865478274,0.745398134521726,6.32,0.45662100456621,0.5614035087719298,0.45046995772659404,0.549530042273406,119.0,-128.0,api_live,2026-07-12T16:07:13.586089,Detroit Tigers,home,0.549530042273406,-0.05291162855845932,0.034887115220319564,-0.05291162855845932,0.07640278233249986,-0.09424883836975573,False,False,,0.6.0-skellam-calibrado,40bda82,2026-07-12T16:07:23.397859
97,823842,2026-07-12,Cleveland Guardians,Miami Marlins,Joey Cantillo,Tyler Phillips,3.22,4.05,0.23529411764705882,0.17295597484276728,5,4,0.93,loanDepot park,87.9,0.4919388641438591,0.508061135856141,2.8014533737709364,3.8302014770882824,0.410460062483496,0.589539937516504,0.3821544566616829,0.6178455433383171,0.42132123526768617,0.5786787647323138,6.63,0.5024875621890548,0.5169082125603864,0.4943441974337708,0.5056558025662292,-101.0,-107.0,api_live,2026-07-12T16:07:13.586089,,,0.5056558025662292,,-0.010548698045195648,-0.008847076704245449,-0.0209929535354883,-0.017115372689521624,False,False,,0.6.0-skellam-calibrado,40bda82,2026-07-12T16:07:23.399020
98,823681,2026-07-12,Los Angeles Angels,Minnesota Twins,José Soriano,Taj Bradley,3.77,4.21,0.257847533632287,0.27791563275434245,5,5,0.98,Target Field,90.7,0.4862485759815365,0.5137514240184635,3.4792886225237605,3.9402897150161857,0.4612613796510636,0.5387386203489364,0.45162082375727286,0.5483791762427271,0.34686158774080567,0.6531384122591943,7.42,0.4608294930875576,0.5614035087719298,0.4515196243248818,0.5484803756751182,117.0,-128.0,api_live,2026-07-12T16:07:13.586089,Minnesota Twins,home,0.5484803756751182,-0.04765208475346627,0.025419082893978873,-0.04765208475346627,0.055159409879934174,-0.08488027596711184,True,False,,0.6.0-skellam-calibrado,40bda82,2026-07-12T16:07:23.400096
99,824574,2026-07-12,Athletics,Chicago White Sox,J.T. Ginn,Noah Schultz,4.78,3.53,0.20924574209245742,0.20476190476190476,5,5,1.0,Rate Field,79.1,0.5155409181772311,0.4844590818227689,4.730691170314044,3.6009496091306206,0.5864666210859848,0.4135333789140152,0.6064142433525374,0.39358575664746265,0.1774699139574919,0.8225300860425081,8.33,0.43103448275862066,0.5901639344262295,0.42437989669502474,0.5756201033049753,132.0,-144.0,api_live,2026-07-12T16:07:13.586089,Chicago White Sox,home,0.5756201033049753,-0.10570485260346058,0.08450643541861047,-0.10570485260346058,0.19605493017117626,-0.17911100024475263,True,False,,0.6.0-skellam-calibrado,40bda82,2026-07-12T16:07:23.401144
100,823029,2026-07-12,Atlanta Braves,St. Louis Cardinals,Danny Young,Dustin May,2.63,4.0,0.25,0.23035230352303523,2,6,0.97,Busch Stadium,85.9,0.5164168454192809,0.48358315458071915,3.5211154732315975,3.8329877295749304,0.4735677763317301,0.5264322236682699,0.4669863249729722,0.5330136750270278,0.3261545904310763,0.6738454095689237,7.35,0.45662100456621,0.5594713656387665,0.452222997504198,0.5477770024958022,119.0,-127.0,api_live,2026-07-12T16:07:13.586089,St. Louis Cardinals,home,0.5477770024958022,-0.07588821105804738,0.05979584085307088,-0.07588821105804738,0.1309528914682252,-0.13564270795414757,False,False,,0.6.0-skellam-calibrado,40bda82,2026-07-12T16:07:23.402198
101,822876,2026-07-12,Houston Astros,Texas Rangers,Cristian Javier,MacKenzie Gore,3.37,3.63,0.12698412698412698,0.25635103926096997,4,4,1.01,Globe Life Field,89.0,0.43242081320307274,0.5675791867969272,4.0478160616553245,4.604563681548338,0.4572041607085273,0.5427958392914727,0.4489069727381383,0.5510930272618617,0.37048446191815754,0.6295155380818425,8.65,0.45248868778280543,0.5708154506437768,0.4453869587344188,0.5546130412655813,121.0,-133.0,api_live,2026-07-12T16:07:13.586089,Texas Rangers,home,0.5546130412655813,-0.0032362638468496074,-0.020067874579732692,-0.0032362638468496074,-0.04435000282120927,-0.005669544934706505,False,False,,0.6.0-skellam-calibrado,40bda82,2026-07-12T16:07:23.403287
102,823199,2026-07-12,Colorado Rockies,San Francisco Giants,Michael Lorenzen,Trevor McDonald,5.1,3.39,0.16326530612244897,0.18796992481203006,5,5,0.9,Oracle Park,75.0,0.4497408985362639,0.5502591014637359,4.526291723072051,4.3773396335455566,0.5113491240355981,0.48865087596440193,0.5133559207634965,0.48664407923650355,0.28702604488656014,0.7129739551134399,8.9,0.4444444444444444,0.5780590717299579,0.43499024148156007,0.5650097585184399,125.0,-137.0,api_live,2026-07-12T16:07:13.586089,San Francisco Giants,home,0.5650097585184399,-0.02779997026622194,0.0052964540918195024,-0.02779997026622194,0.011917021706593811,-0.048091919365653935,False,False,,0.6.0-skellam-calibrado,40bda82,2026-07-12T16:07:23.404346
103,823925,2026-07-12,Arizona Diamondbacks,Los Angeles Dodgers,Mitch Bratt,Emmet Sheehan,3.38,2.69,0.23076923076923078,0.2613981762917933,18,7,0.95,Dodger Stadium,78.8,0.4523146590277822,0.5476853409722179,3.5295596765879744,3.9468379560828164,0.46504611180251065,0.5349538881974893,0.4564823660751104,0.5435176339248896,0.3415734918154799,0.6584265081845201,7.48,0.3389830508474576,0.6855345911949685,0.33419274925613024,0.6658072507438697,195.0,-218.0,api_live,2026-07-12T16:07:13.586089,Los Angeles Dodgers,home,0.6658072507438697,-0.13784925022275063,0.11333160818032456,-0.13784925022275063,0.3343282441319575,-0.20108285124236108,True,False,,0.6.0-skellam-calibrado,40bda82,2026-07-12T16:07:23.405379
104,823274,2026-07-12,Toronto Blue Jays,San Diego Padres,Kevin Gausman,Germán Márquez,2.97,3.46,0.24269662921348314,0.14906832298136646,6,5,0.92,Petco Park,77.4,0.5360269700231701,0.46397302997682976,3.2316536223768724,3.2666207431649683,0.49680814589682587,0.5031918541031741,0.49587867925963003,0.50412132074037,0.27772150960320596,0.722278490396794,6.5,0.5515695067264574,0.46511627906976744,0.5408832399031769,0.45911676009682306,-123.0,115.0,api_live,2026-07-12T16:07:13.586089,Toronto Blue Jays,away,0.5408832399031769,-0.015542536703287313,-0.015542536703287313,-0.0011432490929376704,-0.028178745405146866,-0.002457985549816022,False,False,,0.6.0-skellam-calibrado,40bda82,2026-07-12T16:07:23.406440
105,823440,2026-07-16,New York Mets,Philadelphia Phillies,Christian Scott,Aaron Nola,3.56,3.81,0.27896995708154504,0.24,8,6,1.07,Citizens Bank Park,95.2,0.5212600847520739,0.4787399152479262,4.291146674096241,3.8056695597225962,0.538807855180583,0.46119214481941695,0.5472281039743266,0.45277189602567336,0.2390599068816991,0.7609400931183009,8.1,0.4694835680751174,0.5535714285714286,0.4578814976666829,0.5421185023333172,113.0,-124.0,api_live,2026-07-16T18:48:48.418039,Philadelphia Phillies,home,0.5421185023333172,-0.07483151332350241,0.051776516676956486,-0.07483151332350241,0.11028398052191724,-0.13517950793923017,True,False,,0.6.0-skellam-calibrado,fa1a7ae,2026-07-16T18:48:49.001534
106,823524,2026-07-17,Los Angeles Dodgers,New York Yankees,Roki Sasaki,Gerrit Cole,2.68,3.17,0.22727272727272727,0.22705314009661837,9,9,1.05,Yankee Stadium,88.7,0.48502349950398577,0.5149765004960143,4.172260903686691,4.655105349795921,0.4632266788104743,0.5367733211895257,0.462679964232918,0.537320035767082,0.3624519185352887,0.6375480814647113,8.83,0.5215311004784688,0.5,0.5093102962737202,0.49068970372627985,-109.0,100.0,api_live,2026-07-17T18:40:17.823000,,,0.5093102962737202,,-0.03650760097448308,0.014976500496014289,-0.07000081287767868,0.029953000992028578,True,False,,0.6.0-skellam-calibrado,e63cc7f,2026-07-17T18:40:27.130803
107,824414,2026-07-17,Pittsburgh Pirates,Cleveland Guardians,Jared Jones,Gavin Williams,4.22,3.21,0.2708333333333333,0.29130434782608694,9,8,0.97,Progressive Field,82.4,0.49372589015455487,0.5062741098454452,4.21121714441986,3.4001101821189668,0.5663110495789683,0.4336889504210317,0.5717704126851362,0.4282295873148638,0.1971420432676898,0.8028579567323102,7.61,0.4672897196261682,0.5555555555555556,0.45696509020828224,0.5430349097917178,114.0,-125.0,api_live,2026-07-17T18:40:17.823000,Cleveland Guardians,home,0.5430349097917178,-0.049281445710110394,0.02643617052838665,-0.049281445710110394,0.05657340493074747,-0.08870660227819865,False,False,,0.6.0-skellam-calibrado,e63cc7f,2026-07-17T18:40:27.136702
108,824901,2026-07-17,Texas Rangers,Atlanta Braves,Cal Quantrill,Chris Sale,3.39,2.66,0.14507772020725387,0.2903225806451613,7,7,1.01,Truist Park,84.5,0.4446662820736736,0.5553337179263265,2.997860475397262,3.4038262110478072,0.46283847667298295,0.537161523327017,0.457812325462135,0.542187674537865,0.3271772743774539,0.6728227256225461,6.4,0.352112676056338,0.6666666666666666,0.34956512223785846,0.6504348777621415,184.0,-200.0,api_live,2026-07-17T18:40:17.823000,Atlanta Braves,home,0.6504348777621415,-0.11133294874034017,0.09255360601733559,-0.11133294874034017,0.262852241089233,-0.1669994231105103,True,False,,0.6.0-skellam-calibrado,e63cc7f,2026-07-17T18:40:27.139212
109,822789,2026-07-17,Chicago White Sox,Toronto Blue Jays,Anthony Kay,Spencer Miles,3.43,3.03,0.1761786600496278,0.2345679012345679,8,6,1.02,Rogers Centre,71.7,0.4715612866467444,0.5284387133532557,3.5083482423005896,3.5841119507467476,0.49342538631478505,0.506574613685215,0.4928236673353943,0.5071763326646057,0.29188554103958775,0.7081144589604123,7.09,0.45871559633027525,0.5633187772925764,0.4489848502558584,0.5510151497441416,118.0,-129.0,api_live,2026-07-17T18:40:17.823000,Toronto Blue Jays,home,0.5510151497441416,-0.03488006393932075,0.01284569031646915,-0.03488006393932075,0.028003604889902833,-0.06191887319460815,True,False,,0.6.0-skellam-calibrado,e63cc7f,2026-07-17T18:40:27.141489
110,823766,2026-07-17,Miami Marlins,Milwaukee Brewers,Sandy Alcantara,Logan Henderson,4.05,3.42,0.1841620626151013,0.3063063063063063,7,8,1.02,American Family Field,95.1,0.4629726359182684,0.5370273640817316,4.041986578533955,4.031581528908162,0.5008385609899746,0.4991614390100254,0.5008746453866768,0.49912535461332325,0.2937634316946286,0.7062365683053714,8.07,0.425531914893617,0.5951417004048583,0.4187113921769914,0.5812886078230086,135.0,-147.0,api_live,2026-07-17T18:40:17.823000,Milwaukee Brewers,home,0.5812886078230086,-0.05811433632312668,0.0374407210246514,-0.05811433632312668,0.0879856944079308,-0.09764789844770272,False,False,,0.6.0-skellam-calibrado,e63cc7f,2026-07-17T18:40:27.143795
111,824655,2026-07-17,Minnesota Twins,Chicago Cubs,Bailey Ober,Colin Rea,4.17,4.0,0.17,0.16786570743405277,8,9,1.02,Wrigley Field,83.8,0.49762144259747354,0.5023785574025263,4.494416604056011,4.528234440478461,0.4974412569620079,0.5025587430379921,0.4974369604741774,0.5025630395258226,0.30948970768646045,0.6905102923135396,9.02,0.43478260869565216,0.5833333333333334,0.4304759419209991,0.569524058079001,130.0,-140.0,api_live,2026-07-17T18:40:17.823000,Chicago Cubs,home,0.569524058079001,-0.08095477593080702,0.06283883390182138,-0.08095477593080702,0.1445293179741891,-0.13877961588138338,True,False,,0.6.0-skellam-calibrado,e63cc7f,2026-07-17T18:40:27.146011
112,824170,2026-07-17,Baltimore Orioles,Houston Astros,Dean Kremer,Peter Lambert,3.77,3.53,0.27906976744186046,0.2288135593220339,9,6,0.97,Daikin Park,86.8,0.49473550441870606,0.505264495581294,3.3968164760840156,3.887013776270332,0.45841081597390576,0.5415891840260942,0.45474566335276134,0.5452543366472387,0.34941593568026963,0.6505840643197304,7.28,0.4975124378109453,0.5260663507109005,0.48561944518351674,0.5143805548164833,101.0,-111.0,api_live,2026-07-17T18:40:17.823000,Houston Astros,home,0.5143805548164833,-0.020801855129606417,-0.0027769333922392225,-0.020801855129606417,-0.00558163611840079,-0.0395422651562789,False,False,,0.6.0-skellam-calibrado,e63cc7f,2026-07-17T18:40:27.148220
113,824090,2026-07-17,San Diego Padres,Kansas City Royals,Michael King,Seth Lugo,3.66,4.57,0.2076749435665914,0.19111111111111112,9,5,0.98,Kauffman Stadium,89.2,0.5073337915364963,0.49266620846350373,3.441320846281092,3.822463159040518,0.46751704315283105,0.532482956847169,0.4647067911602738,0.5352932088397262,0.33438394663313553,0.6656160533668645,7.26,0.5327102803738317,0.4830917874396135,0.5237805748861871,0.4762194251138129,-114.0,107.0,api_live,2026-07-17T18:40:17.823000,San Diego Padres,away,0.5237805748861871,-0.025376488837335454,-0.025376488837335454,0.009574421023890223,-0.04763656676482281,0.019819051519452735,False,False,,0.6.0-skellam-calibrado,e63cc7f,2026-07-17T18:40:27.150421
114,824332,2026-07-17,Cincinnati Reds,Colorado Rockies,Brady Singer,Gabriel Hughes,3.66,5.11,0.1890547263681592,0.22857142857142856,8,9,1.18,Coors Field,92.0,0.48205124385976167,0.5179487561402383,4.227608156491828,5.8152327618786295,0.39282538316780014,0.6071746168321999,0.39206250665263565,0.6079374933473644,0.5076873005294501,0.4923126994705499,10.04,0.4975124378109453,0.5192307692307693,0.4883497051303362,0.5116502948696637,101.0,-108.0,api_live,2026-07-17T18:40:17.823000,Colorado Rockies,home,0.5116502948696637,-0.0012820130905309979,-0.015461193951183616,-0.0012820130905309979,-0.031076999841879005,-0.002469062248429965,False,False,,0.6.0-skellam-calibrado,e63cc7f,2026-07-17T18:40:27.152730
115,824009,2026-07-17,Detroit Tigers,Los Angeles Angels,Troy Melton,Reid Detmers,3.59,3.76,0.21693121693121692,0.2721238938053097,9,8,0.98,Angel Stadium,79.1,0.5127808441127414,0.4872191558872586,3.7335373785818042,3.1869321121501537,0.5476475484104442,0.45235245158955584,0.5528639662328271,0.4471360337671729,0.21388419386605162,0.7861158061339484,6.92,0.5169082125603864,0.5,0.5093076654954892,0.4906923345045107,-107.0,100.0,api_live,2026-07-17T18:40:17.823000,,,0.5093076654954892,,-0.004127368447645052,-0.012780844112741385,-0.007984722137033051,-0.02556168822548277,False,False,,0.6.0-skellam-calibrado,e63cc7f,2026-07-17T18:40:27.154971
116,824981,2026-07-17,Washington Nationals,Athletics,Cade Cavalli,Gage Jump,4.51,4.84,0.2540415704387991,0.23529411764705882,5,6,1.0,Sutter Health Park,88.3,0.5073056330547033,0.49269436694529667,4.318740137640535,4.248109427329921,0.5055028158162979,0.49449718418370214,0.5056187788079223,0.4943812211920777,0.2923300867700579,0.7076699132299421,8.57,0.5652173913043478,0.45871559633027525,0.5507028699748573,0.44929713002514277,-130.0,118.0,api_live,2026-07-17T18:40:17.823000,Washington Nationals,away,0.5507028699748573,-0.05791175824964445,-0.05791175824964445,0.033978770615021414,-0.10245926459552485,0.07407371994074674,True,False,,0.6.0-skellam-calibrado,e63cc7f,2026-07-17T18:40:27.157181
117,825060,2026-07-17,St. Louis Cardinals,Arizona Diamondbacks,Michael McGreevy,Merrill Kelly,3.96,3.32,0.16458852867830423,0.1435523114355231,9,8,1.02,Chase Field,93.6,0.5324549786803123,0.4675450213196876,4.338501332314589,3.23459766688776,0.5890377262785036,0.41096227372149635,0.5978609174367124,0.40213908256328756,0.16788293572075097,0.832117064279249,7.57,0.5121951219512195,0.5121951219512195,0.5008492322622576,0.4991507677377423,-105.0,-105.0,api_live,2026-07-17T18:40:17.823000,,,0.5008492322622576,,0.020259856729092807,-0.04465010063153191,0.03955495837584788,-0.08717400599489555,True,False,,0.6.0-skellam-calibrado,e63cc7f,2026-07-17T18:40:27.159365
118,823115,2026-07-17,San Francisco Giants,Seattle Mariners,Landen Roupp,Bryce Miller,3.35,3.15,0.25304136253041365,0.3023255813953488,11,8,0.93,T-Mobile Park,71.2,0.4608530645627609,0.5391469354372391,2.9712855324904752,3.329693312566954,0.46684860253400695,0.533151397465993,0.46220392364086804,0.537796076359132,0.3190265950994001,0.6809734049005999,6.3,0.37735849056603776,0.6441281138790036,0.37172503883900604,0.6282749611609941,165.0,-181.0,api_live,2026-07-17T18:40:17.823000,Seattle Mariners,home,0.6282749611609941,-0.10498117844176447,0.08349457399672311,-0.10498117844176447,0.22126062109131628,-0.16298182951456242,True,False,,0.6.0-skellam-calibrado,e63cc7f,2026-07-17T18:40:27.161703
119,823441,2026-07-18,New York Mets,Philadelphia Phillies,Sean Manaea,Jesús Luzardo,3.55,3.93,0.22492401215805471,0.2937365010799136,9,9,1.07,Citizens Bank Park,90.1,0.46769665536741095,0.532303344632589,3.455135787869189,4.271974170008402,0.4337910542557142,0.5662089457442858,0.42871929046875346,0.5712807095312465,0.398293879379106,0.601706120620894,7.73,0.40160642570281124,0.6226415094339622,0.39483755283894084,0.6051624471610593,149.0,-165.0,api_live,2026-07-18T18:11:55.383758,Philadelphia Phillies,home,0.6051624471610593,-0.09033816480137324,0.06609022966459971,-0.09033816480137324,0.16456467186485324,-0.14508856771129647,True,False,,0.6.0-skellam-calibrado,79a01ca,2026-07-18T18:11:56.936329
120,822790,2026-07-18,Chicago White Sox,Toronto Blue Jays,Davis Martin,Shane Bieber,3.43,3.49,0.22062350119904076,0.1511627906976744,10,8,1.02,Rogers Centre,78.7,0.5544295134038705,0.4455704865961295,4.4976958659388195,3.447091907554342,0.5828601295926605,0.4171398704073394,0.5891946053083297,0.41080539469167027,0.17890647097062495,0.821093529029375,7.94,0.504950495049505,0.5145631067961165,0.4972099373589028,0.5027900626410973,-102.0,-106.0,api_live,2026-07-18T18:11:55.383758,,,0.5027900626410973,,0.04947901835436552,-0.06899262019998698,0.09798785987825331,-0.13407999774714452,True,False,,0.6.0-skellam-calibrado,79a01ca,2026-07-18T18:11:56.942491
121,824331,2026-07-18,Cincinnati Reds,Colorado Rockies,Rhett Lowder,Tomoyuki Sugano,3.63,5.18,0.1861198738170347,0.1340782122905028,6,22,1.18,Coors Field,91.4,0.5012599047266315,0.4987400952733685,4.629608273909185,5.886519602835896,0.4155315711310512,0.5844684288689488,0.41797936611180486,0.5820206338881951,0.46705029059219305,0.532949709407807,10.52,0.5238095238095238,0.4854368932038835,0.5153525810108266,0.48464741898917346,-110.0,106.0,api_live,2026-07-18T18:11:55.383758,Cincinnati Reds,away,0.5153525810108266,-0.022549619082892325,-0.022549619082892325,0.013303202069484987,-0.04304927279461257,0.02740459626313907,False,False,,0.6.0-skellam-calibrado,79a01ca,2026-07-18T18:11:56.944983
122,824169,2026-07-18,Baltimore Orioles,Houston Astros,Trevor Rogers,Spencer Arrighetti,3.7,3.72,0.1806282722513089,0.22752808988764045,9,10,0.97,Daikin Park,94.3,0.4894168371067294,0.5105831628932707,3.8496955964153443,4.080156578502524,0.4812637991743356,0.5187362008256644,0.48030739864045513,0.5196926013595449,0.32206628913425883,0.6779337108657412,7.93,0.5098039215686274,0.5121951219512195,0.49826405647462046,0.5017359435253796,-104.0,-105.0,api_live,2026-07-18T18:11:55.383758,,,0.5017359435253796,,-0.02038708446189802,-0.001611959057948864,-0.03999005029064623,-0.003147158160757335,False,False,,0.6.0-skellam-calibrado,79a01ca,2026-07-18T18:11:56.947249
123,824088,2026-07-18,San Diego Padres,Kansas City Royals,Griffin Canning,Randy Dobnak,3.73,4.57,0.22267206477732793,0.0975609756097561,9,10,0.98,Kauffman Stadium,94.5,0.4784421639657306,0.5215578360342694,3.1850581462568175,4.815704883284257,0.37708325036509194,0.6229167496349081,0.36339690318121476,0.6366030968187852,0.5136363036234799,0.4863636963765201,8.0,0.5145631067961165,0.5098039215686274,0.5023745960114461,0.49762540398855404,-106.0,-104.0,api_live,2026-07-18T18:11:55.383758,,,0.5023745960114461,,-0.036120942830385916,0.011753914465642001,-0.07019730399112734,0.023055755297989977,True,False,,0.6.0-skellam-calibrado,79a01ca,2026-07-18T18:11:56.949523
124,825059,2026-07-18,St. Louis Cardinals,Arizona Diamondbacks,Dustin May,Brandon Pfaadt,4.1,3.33,0.22879177377892032,0.1774891774891775,6,7,1.02,Chase Field,94.1,0.4989756960502191,0.5010243039497809,4.098919235599025,3.835204603708865,0.5214231480988376,0.47857685190116234,0.5225211998872489,0.4774788001127511,0.26187412470010507,0.7381258752998949,7.93,0.4878048780487805,0.5305164319248826,0.4806405252639898,0.5193594747360102,105.0,-113.0,api_live,2026-07-18T18:11:55.383758,Arizona Diamondbacks,home,0.5193594747360102,-0.0294921279751017,0.011170818001438598,-0.0294921279751017,0.0229001769029491,-0.05559135627165185,False,False,,0.6.0-skellam-calibrado,79a01ca,2026-07-18T18:11:56.951764
125,824738,2026-07-18,Tampa Bay Rays,Boston Red Sox,Ian Seymour,Patrick Sandoval,3.95,3.34,0.2777777777777778,0.2631578947368421,6,9,1.06,Fenway Park,75.4,0.48050054263389824,0.5194994573661018,4.182703362637698,4.114715954775142,0.5053939365512717,0.49460606344872826,0.5055717225701812,0.49442827742981876,0.28951579084344525,0.7104842091565547,8.3,0.5073891625615764,0.5145631067961165,0.49396959948783464,0.5060304005121653,-103.0,-106.0,api_live,2026-07-18T18:11:55.383758,,,0.5060304005121653,,-0.02688861992767816,0.004936350569985315,-0.052994076168142334,0.00959328506997148,False,False,,0.6.0-skellam-calibrado,79a01ca,2026-07-18T18:11:56.954017
126,824899,2026-07-18,Texas Rangers,Atlanta Braves,MacKenzie Gore,Owen Murphy,3.57,2.67,0.25669642857142855,0.2857142857142857,6,7,1.01,Truist Park,90.8,0.4524721350221734,0.5475278649778266,3.7524369832213162,3.956892986919942,0.48310338568186895,0.516896614318131,0.48206749664420434,0.5179325033557957,0.3162663870007105,0.6837336129992895,7.71,0.49504950495049505,0.5192307692307693,0.48873868243751084,0.5112613175624892,102.0,-108.0,api_live,2026-07-18T18:11:55.383758,Atlanta Braves,home,0.5112613175624892,0.0282970957470573,-0.04257736992832162,0.0282970957470573,-0.08600628725520965,0.05449811032766605,True,False,,0.6.0-skellam-calibrado,79a01ca,2026-07-18T18:11:56.956253
127,823763,2026-07-18,Miami Marlins,Milwaukee Brewers,Max Meyer,Shane Drohan,3.99,3.26,0.2600896860986547,0.22945205479452055,11,7,1.02,American Family Field,82.0,0.4975655917526898,0.5024344082473101,3.83417620281039,3.385819450306948,0.538276178362536,0.461723821637464,0.5417357312326012,0.4582642687673988,0.23001512137585867,0.7699848786241413,7.22,0.4424778761061947,0.5726495726495726,0.4352746656822792,0.5647253343177208,126.0,-134.0,api_live,2026-07-18T18:11:55.383758,Milwaukee Brewers,home,0.5647253343177208,-0.0702151644022625,0.05508771564649506,-0.0702151644022625,0.1244982373610789,-0.1226145408218614,False,False,,0.6.0-skellam-calibrado,79a01ca,2026-07-18T18:11:56.958588
128,823116,2026-07-18,San Francisco Giants,Seattle Mariners,Logan Webb,Bryan Woo,3.31,3.28,0.1941747572815534,0.24056603773584906,10,11,0.93,T-Mobile Park,71.7,0.49594660809151314,0.5040533919084869,3.5670900788347644,3.2083731039585808,0.5318268209153976,0.46817317908460243,0.535405448025764,0.464594551974236,0.23304531827909558,0.7669546817209044,6.78,0.4219409282700422,0.5967741935483871,0.41861559744546323,0.5813844025545367,137.0,-148.0,api_live,2026-07-18T18:11:55.383758,Seattle Mariners,home,0.5813844025545367,-0.09272080163990026,0.07400567982147094,-0.09272080163990026,0.17539346117688615,-0.15536999193713014,False,False,,0.6.0-skellam-calibrado,79a01ca,2026-07-18T18:11:56.960811
129,823523,2026-07-18,Los Angeles Dodgers,New York Yankees,Emmet Sheehan,Ryan Weathers,2.64,3.14,0.26571428571428574,0.26894865525672373,6,8,1.05,Yankee Stadium,76.5,0.49657381913022025,0.5034261808697796,4.1683670880072645,4.44330646421236,0.47868188244643184,0.5213181175535682,0.47824027674037217,0.5217597232596278,0.3345840754474583,0.6654159245525417,8.61,0.49504950495049505,0.5169082125603864,0.49163133951721893,0.5083686604827811,102.0,-107.0,api_live,2026-07-18T18:11:55.383758,,,0.5083686604827811,,0.0015243141797252058,-0.0134820316906068,0.003079114643044889,-0.026082061307996396,False,False,,0.6.0-skellam-calibrado,79a01ca,2026-07-18T18:11:56.963069
130,824979,2026-07-18,Washington Nationals,Athletics,Zack Littell,J.T. Ginn,4.46,5.19,0.1484375,0.21428571428571427,8,6,1.0,Sutter Health Park,85.5,0.48987082697556145,0.5101291730244385,4.377530303916092,4.806448550425034,0.4680116918209489,0.5319883081790511,0.4680491167450703,0.5319508832549297,0.35851935820151715,0.6414806417984829,9.18,0.5169082125603864,0.4975124378109453,0.5097132273430511,0.4902867726569489,-107.0,101.0,api_live,2026-07-18T18:11:55.383758,,,0.5097132273430511,,-0.02703738558482499,0.012616735213493213,-0.052305970243540056,0.025359637779121424,False,False,,0.6.0-skellam-calibrado,79a01ca,2026-07-18T18:11:56.965270
131,824008,2026-07-18,Detroit Tigers,Los Angeles Angels,Tarik Skubal,Grayson Rodriguez,3.57,3.78,0.2996632996632997,0.1643835616438356,6,8,0.98,Angel Stadium,76.0,0.5745091689903936,0.42549083100960644,4.327800412412596,3.4549246961645235,0.5702832958970867,0.4297167041029133,0.5756376369864621,0.4243623630135379,0.19363708978103844,0.8063629102189616,7.78,0.6551724137931034,0.36764705882352944,0.6385366199858579,0.36146338001414224,-190.0,172.0,api_live,2026-07-18T18:11:55.383758,Detroit Tigers,away,0.6385366199858579,-0.08066324480270981,-0.08066324480270981,0.057843772186077,-0.12311758417255714,0.15733506034612943,True,False,,0.6.0-skellam-calibrado,79a01ca,2026-07-18T18:11:56.967576
